#dcF##CC,fEEBF6d#,bc08c#6C,#eABaFEF,##B24#fc,#CCeB6AD
d#dcBF0d,#afc###E,20#cb6#a,#6A6f##e,DE60#E6E,dce64Bcd
0aa##26f,#2adbCf#,CF6d##DE,BdCdefb6,D6F#c22c,0C##62E0







c#be4dF#,2eEFf#2#,0##B#ddF,##b##dee,84bc#4e0,B6#4#00B
cad#8aCB,4DDAEDfA,#8B0a#d6,##BD6B#A,f6a06aE8,0#feabeA
cFaa2#bb,62F6#cFe,#0f6#4Df,b#2d#d46,D#2afa#0,#0Eae#DD





CdDccA#F,#460#f24,0A8#64eb,F0ca4#e8,F#4AcD#4,8f42Ae#d



#D#C6B6a,#B8d#dbC,8##aaAFB,#E#B#4F4,CbCF4#C0,#B6#4F#F
F#####4#,##ed0##4,#DFAEc08,#Af8A4dB,##e2E4#8,#Cc8eFC#

22d##f0#,FbbE#2E#,fCc88#8D,fb#a6E#C,24EE#8##,cbfF#B2a


8e6E8#f8,66cEcd6A,0aFd##dF,28Dae##a,62#c4Af0,bfd2#8f#
#22e#80A,D2EBCc0B,##BbA#AD,#8C4F#6e,d8#db#BB,##d444#6
D0fAC#0#,#A##0806,F8cE#F#6,0f#Ec6B0,04B#D#dB,0Acf#b##

0C4###b#,ba#b4E4#,4#bAd4Af,D2ddAf6#,#DE###E#,4FBB#8aD

#4c#CBD#,bBA8ef6E,#c8da4##,dea6df##,8##e#6c#,##b##dbe







fA#8DC#b,#fFb46#C,0E#b8#Cc,664#04Dd,6Af###EF,8#Da#e4A
#####0AD,#DA68F#2,426##Afb,#2dCBcea,c6BEdB##,#Fc6#f#A





#2d##bdD,F##6#240,B84Aedd2,FfDD#ecB,6dadFa#a,22efEb8#



B##bfED#,0da#bcff,##fDdb#0,C8#Eb0D#,#b608f#0,#dCBb##E




CbE#8f##,6a#d66Af,04C##eAa,0#6060Ff,2Ffd#A#A,cadebaE#





B6FdFFb0,8Aafb##B,#c0F#0#e,Fe2EB4fb,#aba#dBA,##84#2Bd

CE28e4d6,#DAEe#fA,226Ef0d8,2#e#c#06,CD0D##86,c048fdfb


B6EeFbcE,cAfCFdBB,###dBe#B,6#F8B#dd,0#FFCb#D,24F#E##A




Daa4bbf#,C2CE2#6#,baed##0B,dDFC#DC6,CAFa0BfA,8aE#Cc8#
cEb2FaF#,FeDAaFda,bEdEe2EE,d#c#F#df,cADfAaa#,#DbB#ED2

#Bb#F#2E,FF6#8ED6,BDCa2#40,d#eCEF62,C###Fec#,6D08dF6e
#Eb#8#Bf,#D#e8E##,2C0f##EA,#bCa#d6#,B#c#22#6,c#EaF4D#
f2FEfD2C,8##04#26,4dEaB##4,#8B4C6f6,FDFEFEDD,D08D#Cec





##BAe#Ec,###CBf0D,#fdE#0#D,DEfee#D8,F#e#8ED#,d6aC4c#A









#Fcf2cCE,BC#bD4Fa,B08cEeD8,D4ffbDbD,C#B#Cab#,#cb#a#b#






Bf#B82#a,BD#D#eEa,bcfEC0b#,bfA#dfed,F#b2Ff##,BAF8c#8#
B#e##CcC,c0E##0Dc,06bDACEB,4B#D8b82,c60ad#Ab,0AB2fC8C





dC40aC8#,C82#8Bb#,cdbED#08,08cC#42a,DbDf#aF#,DA#8EDce
fcA8BAFD,F##D#a4#,B#EE0#d6,0c#d0#2c,46Ca0a#e,#eCb4dE#
2D##A#4c,f6ffe#f#,Ce46#A20,#8f#EEE6,F8fFA6#c,bca##De8




f2##EF#4,#a46D#a8,#D68#eD#,B#fDae0e,#2##FfCd,4DDE#00D
#c64#AB#,8db#FB0c,04##Ee#6,6EdEdD6C,DAFC#C6B,b#0C2D#E
##Ae040E,fAb#f6BF,6eba#8b#,#2fcCc4a,#006#a2#,d####Bff


##242AaB,##4ECe8C,cD0F0b#6,Fd4E2ADC,#66EfEFD,c##EEB26







6D#0b8f#,0AFC#2CF,8#DAdBDE,#A0##CCE,D####Fd6,Bf4#d#c#

#cF#A#02,d8E##fFD,4fA42#BB,8##8D0aB,2#608ab#,Cb48bedA





#fa4#B#F,ccD#E##D,642b0E6#,4c2Af666,D#aa#4Fd,#D2FAEe4


F840EC#F,#dd#4A82,6#D8a8Da,##cdfc#f,#a0#CDAC,6Ed6#06e



D#6C0eF8,f8fCD00#,FFbAC2bd,Cfd6Eef#,#2BF46#E,80#2bF#E
bf#6Ad#c,0#AB046#,2#cF20#e,c884d2cf,F#c#02CD,##aD0DAd
##b#d04A,8C4DaA##,f#daADCA,dCD#Fe#4,#F6e##d#,f8#6#D##

DEDDaFa2,#22aB2cC,26##cFEC,##A###aC,de64aAAF,Cc2864#0




B##E#BD#,D#B##BEC,#a#d0EcF,DDB6b##B,CE#D022#,c8#0#b68

2#2EAfCd,#A#B#bC2,#D##f2AA,#Ce8#ec#,CAcE#F8F,468DcFe2




fFf##f#B,CAb486bA,cf#0#AC0,#Ec#F##2,#0BB88#e,CEAD#0C#
6C8E48E8,#aCF2cD2,22ee#20e,#8f20BC2,##F#dEd#,#cE8c6AE




cfe2D##2,6#8d8bf8,BA2ca2f4,####A4c#,#2e8A#BC,6bF#A24C



2#0#64##,D28#Ee#C,##D8##08,#6#8#4#E,0e642#DC,2f648f#4


#CA#2#8d,#86EfDc8,2e2FfF#D,B0b#EEfF,2c6686b0,B044c#0#

4Cd#CDfc,b2f82d2#,#22bAE8#,##a44A0F,b###e6#c,BdEF#A2A
##2ab4CF,#c#Af8A4,c6C##D#e,DBA8####,#064ACE#,8#A2F#a#
#edAf#0B,660deEF4,B6Dbad02,d8#F8cb#,40#B44dc,be#DcbFA
###F#dB0,8dFa#AF4,8#Cdb#e#,##CA#eFe,cF#B6A#b,82d4AA2E

#a#B#a#C,dF#D20Bd,8CB2D#ff,#BFbA0#F,46#a4aeC,fc#6228#


#C2E6#6#,CAD###E#,6CDDE#FD,8D0C4Bff,DCCbfD2A,#eEfC#C4
fCd2#eA8,6f#dE##F,##0#6##E,8##4A#D6,B#Dbbded,0c0D##d#


Cb8C0E4a,2e82#b6#,8aB0##2b,#d#be2C6,#f2b4#6#,##aaEaBB
8#aBfb##,CdbFAA6c,CDEdb#d8,###6baDE,c6A6#Aaf,0cCEbF#e

#E#dD6##,c#A#Dd0#,ffA#d#DE,0caB#44#,CB0ddD#0,C224##60

8b0#FC#f,#6#B60#4,dbDb##b8,FAe#bce2,40#f#b##,4eF0e#cA
6accfa06,db6a#e0d,0#B0B###,D#BD8#28,#0A8aFAF,6#fbC#cD
6dBDBcbC,F0d#80e#,#cFaFD2#,F8cF##6b,2bF#FDaD,###e2B#4
b#0e8A##,D#8e6F6#,b###22#F,c#0F#eaa,Df8ECcba,c8FFD#BE











BDd#b###,888dbcAA,#AbAC#6A,d6FdAEcf,60abf#cD,F#4C##8D

##4EaFDB,6eEc4E4b,B4#c#a20,BD###0DA,B#0#d#eD,b8##0c40

Bde#a0a#,28###4A0,dc#28D#f,2#fFa2E#,6Be8aC80,#Bde0FDA

0e88#0D#,#4eA0Ef0,#22FeEEc,2#0BAeFB,#e4EFe4E,##BBf2BA


4Fcc20AE,8AfA#A4#,#6CD#C2B,c#82F#0#,B#f#aa#6,Dc#2#2eB
2e#B#a2F,bfcF#C8#,bb6dDDBF,44##E8aA,4A#F2ef2,Bb4#b#D8

D8#C#8aD,D0BcbcFF,DdCDCeDD,C486#cFA,##bDa#ef,#2F28fD6

2BdcCd88,cF0#d#Da,#F#ade4#,68f#aFfE,ca#be#FC,Cf6DBaF#


DAA6e#2E,20#DCa#2,dd#4d#Bb,#D64c4ac,DCbCBEd4,DCBb##bf






c#c#aBcc,FED#BaBD,fe#c0#bB,##F0cBcD,Dfcf#B#D,2acCbE6C

bEE#2D8f,#B#dCfdC,#2C#a2f#,6Da#edf#,4#8EB0Eb,20D826e#


Baaf##Af,fcAbAe#0,4A#bbbde,d6F4b#Aa,48A222cb,c#0f#0cc

bF8cBaec,#c#b8#0b,c#6#Cf0#,d8e#b#ad,CEB4edea,#6c2CbDA


cBAaAD#f,#cd8#A4d,462##824,Cf#bC0e#,d2ECEEE0,2fbD#E#e

#ECF8Abf,CD6ad#fE,#CDa#D4F,4FE6D88E,F0#dc###,4c664D#F



#Ff#4abC,C0AA2DBD,4b#B0cAb,##e2AbFF,DCa#EcF#,#a##a##0
B#8f2eF#,8cD#0C84,f##a#C#c,DeC##ed8,d#4##BF6,0f088AEA









baB8#f#B,#d8E60ca,204aDD00,8aDfd##e,d#84abb2,0AB#8#B0



#EE4fC##,##2#62#4,#FD08#6f,###E0268,8ED#2E#C,F4D6aDB#

#FEfeDa#,#a#C46#6,B#a6a#b#,dB4ccBD#,fEe8F#4C,CccB0#48

0BCc#6C#,0#dE#0e#,fFEec#fA,2b6edAc6,#Bd#2cDD,bE##aFD2

D4#Db2fE,####C8dB,#D##AeCf,Ca82AC##,b8A2b044,f8F#C#B#





Ddc##EB2,cACAaD8D,2#fB#824,FB#Ec##E,CD0dfE2C,fE#b#cF0
B6Cb##e#,B0ff0BFc,8Eb66ef#,#8F##ED#,f8A8bA6D,#CCD#AF8

bb#e#eAA,bFdecACb,D#6DB0#D,B#C0e8bb,##fE8#d#,8#dACd#2



0#6efC#d,dD4#4Bfd,#4dfABA8,#A#bE4#D,0cc#0#0c,#E#FaE2a







BAbe#8DC,f#FD0AE#,2bdBfFCA,c2#BE8#E,#fEd#4#D,B6E2cA#E

4EfBD#fd,BC#2FC6a,#BA2f4Dc,6fFfbb#8,4cdfDDF4,##b4ab2c



6e#868#e,2a0fEa8#,6#df8A0#,8adC0ddE,Ce#dac6#,#F#Da8a4
daD2DFff,df#ae#f#,04##cd8#,#fF6Febe,beAcb6a#,FA6##6aa



6acCd##f,Cf#ED#Fb,8fD#6cff,DEbCbCEf,###e##CB,#6Ac00##








dC0e##ff,Dacb####,#f#68#BA,#0ceAfcA,0DC#dbCc,#e6fEbc#









cB#a6C#0,2edEfbf2,0#D#cBcE,CdCeeDdB,#EdFD#Ae,BF2aFbcB

8f80A#D0,##d#DE#2,48#0bD8a,#acA#0#A,0c8b#Ee8,6F#fC4c#
DA#6D#FD,bDE#fC8#,c#26f2F#,cA68#Fae,Bb#d2###,b8C#f###



fd0#2#AC,4DAc2EFf,0FcCff8F,#0dBAB6E,F#8#F#02,6##CE#a#



6F#4f#a#,Fe###ebe,##C6ABDF,##bfB8A6,cf42d#6B,6bc#4AcB

#BbA0#E8,#BA4#c#B,d#bAd#C#,2A8AdC22,#8#cB0aB,dfD##a##
8#bee2##,bACb4#8A,D6#DC###,2#B6#42#,fa0f6#0f,6BDb0f#E



6F0dfECc,4C##e#E#,c4BDfCA6,Fe#6#6#a,F#4#D#fa,#d#D0FB#





BCA#ba6B,#4##b6C2,CDDf4##b,#6#DFc#4,604BFF#c,c2#BAaF#


8#4#8Cc4,cAbC#cfA,0FEABFEb,DFCbbB4#,#2Ac###6,#E8c#c#d

8Df0e2ed,Da#E#A2#,BA000e0f,###dFf62,Feb4adf#,cB#a#Fee



###28C2e,FB4a4#A0,c#fFd2b#,#FA6#bB8,2C##d2fA,4C4#De8B






#a2ebEB#,8aa0#Eb0,b80a0DaE,d#00#eC2,D#EEDec#,BFc6dcaE
8a6bf2Ef,C#4#4Dd0,#8e40#d#,f#4AEC#d,0#CE#cf#,Cf2FC#ec
4CA8F#66,b0c#B2F8,C#2E#a0E,0EE#Eb#c,fFf80F##,###BC#fA
BeC#DE2#,##b86248,#2C0##B2,6aE6d6ec,#0F44#d#,dCCCbEc#
6#2#2C#b,#afe#4B6,b8824FfA,8a#28Be2,f#fad##2,#Abcee#c





dDF#b#eb,befBBbb2,c#cF#6E8,#2D#Dcef,#6B6F#Ad,d####Aea


d#4BE48e,#c6#C8##,#bFDCB4E,cEe#aB#d,#0#ceF#C,F2a4dbBD
8a4ac#fE,4aAC#e0E,#0Cab2ea,602A0fAD,0Bd2fcCb,F0ef8dfA

F#Ecfc08,#ebEC6AC,#e#af##8,6afa668B,#B#06#c6,40E82#E#

b#A#40fb,#2##aA##,fDa42f##,4FEBefdB,FB6##D#f,FD606Ade

6E#8###c,F###0cD#,#46Bd#2f,##8E0#4#,c##DbB88,c2#BA2B8
f#cCeedA,######B#,62fBa#0#,daE8#BF2,#fc48D#f,4#DAbd8b




F#0aad#B,d###6BFf,#BE6e4ff,#Fec##Ce,#b6##2dC,0#4db#6e
#ae#cB8C,d6B#8CbF,#0faC#E#,FFdaCFe#,d##40Aa#,#dbF4F0#

F4##Dae2,fEdCE00#,#BFd#cCA,6#e0aa#6,##bb60ae,b##2CcAD




##4a#f8f,#8B#aa4#,04eCD4DC,Df6BeFf4,4CF#a#aB,2F4#bBba

2#AD##f6,b68ce2DB,#EAb#AfD,d4a0Af8e,d8AB6b6e,8BBeA4#E

44e##0A4,ffc###d6,08D#0c#f,#AC4ba8A,##dBffB#,28##E4E6




0E6aeB#C,##a6#bda,4###d62#,Bf###b6a,#6b4B#Ac,66abAB#C



Cc6d22FE,deCeCC4B,FaaFA44e,Ce##26#A,F#BeF#06,82bbF2dC
86#8EA6#,4#B#eBb8,82e2#DFE,660FAE##,F#b#A06#,64c##DEb

6d#B4cbe,b#F#a8##,d##684f0,026f022a,D2e#2AC#,Ce#2#d2C


#2D#b6#b,0ce0f4bC,b6FA#Eaf,26aA8aA#,##d#C#Bd,#0#4eD2#


FBC#d##b,#FfdB80a,b#fC#AF6,66bD0#fc,f64d#fb6,#CCaB#0#
B4#Efec8,dACa8e##,#f#BfB#C,##e2FaBe,#BaeA844,###aa0F2







#BEdFBed,#8cEe#6#,2A###C6e,#ef#EDE2,FEdDDd#A,#D#4c###




dE80###c,c2fFF#2d,6CebFfFC,0fc#0f##,0#aBbbB#,dcCaA864


BD4#db62,#F##bB#d,f#ccfffb,2cad#bE2,df#Dd#e8,b#B#0eAd

6#C8AEEE,#BDA64#0,8F#064Bc,F##0f6#e,##2068##,dF#2FB#2
FB#Bb#0F,D#0D#b6#,fd0#2A#6,62###B##,##84cFCB,CF##A###
2fEF##AC,02#EDA6B,dfD#B4#2,##b#dbCD,B4cf04#f,DEC##6E#


#acfc#2A,8D#bd0ed,4fA868#8,D8Cb4D##,#ffcdb##,#A6C#c#a













##c2#EBB,#Fb4Dce#,#E2####A,C##f#Cbf,#DC#caC#,####F#4#

b0#c6F##,2##bA6aA,d4##E4#c,f#f622De,#8e82#Bd,cd8EFccA
#fA2eECF,6BFbf8Eb,DeeCdb6#,#eDcFD#F,#8##Dbd#,c#fc#C#C


FcFbf#0b,0#c4eef#,d6DDfb2#,#a24dE#d,4bDCBBEe,DEB6A##A

#4Ee8bC0,cccBD#C4,c#EFF4#0,b#FAfAc#,DE#E#0Ea,#C#eDddf

#2Fd6#fD,0A0#d0#B,2#dC##42,8##F4bF6,#00#CE#E,#2#B#f6#


ce#2##F6,fa#8C2b#,fC##Be6#,#fC0#ada,6C8e##C#,C6f40B2B

dD4F2Ad2,D#dEAAEC,#A#40fEC,DccF8##b,##Cc#Fb#,6AFe0b8#


d26B#AeC,00fffa0f,f#00cD8B,#e0db6eD,#D4D#fbe,b62abAe#
c66FcE0F,#0ABb#Fd,c4#8ec#B,bD#86Bca,C#BCff#8,2ef#c#F2
024#BcbB,##cCf#EE,8db#A#c0,#AAECdFF,cD#c64##,#beEF#8e



cbFbC4C8,#0cd####,8E04BFF#,c8#Fe2##,C#ff#Af#,2CfcDff#



cD0#fb#4,06#0Da##,#0#bF#6C,F#EfCD8#,6ef4dE#d,#dBc#b#b



6Fa#bB6c,##DdffFA,fFde4fB2,#c4BF8E2,2##Fc2a8,#2#d4#A#






#Cdaf#2F,#BA4D0#d,#c8D0DA0,4Fa#D6a#,###0#fe6,4b8#b0c#

BCAD#bcf,d62#D4Fb,28EF2B0#,0ACA###8,FdF6fBCE,6EE8##Ec

B##B46#d,#fecAf0A,0E4deD#c,4C06#Bc0,8068C#FC,d4a#8B8c

#cA#b##6,CEb#0Ba2,BCed4f#D,B64cbBe#,b48#abC#,#6d##20c

#Eaa#AAc,##6E#BCA,B#DfCbAe,0D#b6f#F,#f0ee#Ac,B#Ab6#cc










#D2c#6#B,0CFc#e2B,fF#ea66#,#8feBaCd,220a6aEe,4e##B#CC

FfEa02ea,Face#C#a,dAFaCfD#,###c#8A6,FDEd#E8#,82A80A8f
Cf2A0F6B,#0cC#aa4,Cc08cFed,2##F#Dae,2bF##688,##EF#cD#
#c0###DE,cd#68#B2,cCaE##6#,##EF6#Bb,de2#Ef#c,da#c4Cd#

d0A#####,#0E#A#00,DdDcbc2#,4dBB4da0,4#a#b#bF,C#CCB#cc
#Aa#CF2F,B8#AefA4,f#DBc4fd,C6D6DC#e,b2fEd4#E,#CFdFAC2
B46#826b,d#ebd2Ed,C488#4#8,fC###b##,F#E2#F#B,BD00C68#
6#F#E6ec,F#a4#c#C,62b#bEEb,bC8D#B#a,b0CcFB#0,fE6#bfDd



b#cF##dD,0e88dBd#,F#28ad#F,#8###aCD,F0fc6abA,c#aCccfB




DffbCdFC,2Bc##0#0,CD8b#0Db,6##2FE6a,8###E8#6,886AcA4A

D26###Db,8fdE2#F8,bddC#e#A,4#F#4#a#,6ECe#fbB,cCDA#cEe

C#fc2BFB,8#A06b68,#AB0dbc8,#b#e04a#,DFC6#CF4,4d#2##E2
fC##D0ed,046fd#fc,##CF#d0C,#cddA6B4,8Bff4208,4#08#DDe




Cfd64dD8,BAa#8bBb,#BFFC0##,FDeE28bC,cFACebD4,#2BF8EDb

##6ED#8#,DcDaDedd,#Af40##0,d0aC##Fa,C8cC#a#8,2ccaf##b

B#cF#c44,8fdAA2##,#f8F0b4B,#F#c8a8b,6D4B#044,8Cc0cac4



F##8E#Be,66FC#b6D,#6c6c0c#,##d6482E,#b#d0FE#,d6d8Fd24
#2fcFF#C,be#e###8,DfB#DBE8,#bceddA2,C2BbadB#,#6Ba2E#0
0f2#BA#2,f#4#F#6a,0ADAcCeC,#c6f4#Cc,###EDB#b,F0B8D#dd


CC###AEb,6D0#2cfC,##F#68#F,#6DF20A0,d0C8d4##,FCAdbDBF




#D#Fce##,C2#40Ff#,fC4#fAA0,BaAb#0#b,#d#2ccE#,f68f4#00






8B4fBeeF,6F#8b8A#,bD#ECBdd,Fe#cA8#a,#ea#Aad#,2#2EfcBA

C#Cf##b#,FCd2c8BF,2F##EE#C,4FCAB#aE,##B8#8a#,##d0Aeb8
D2BB#Ce#,242b#B##,##E6A0##,#C#4#4BA,Db#f#d0B,cfb#f###
4EbDe0##,D6e6a2##,##4DBFF4,#6##de8#,2#a8f4c8,Bf846#46

f#aDaa#2,8E2#ECBB,#82##6ea,D##cc#46,#C022bB#,Cae#ee#0



68#f8#AF,0####e#F,f#84#d8e,Db4da2#D,4dbD6844,#20#C#df



bD##B24D,##a#dcE2,#60dA#e2,084a#ECC,Bf#A6B#a,c##f##be


#FE0#0d6,##6d44#2,8dc6c#ED,#6Ea808a,68b6BeF2,20bBc##f
B4fFeE4E,#8#DA00D,#48b#6Ce,4#8bD##E,bF#F8AaD,4#C#Dba#

c#fbf##E,8##E#e6B,dF#2E#AA,40a0af#b,C0c8ab#e,#dbBF6c8












cbE0a##2,c88EAff6,#fDCDeb2,4b#40cc#,Cb##aAD8,cc24cf6B





6#2Eec#8,8F#Dfb#D,#00d###D,C0A#CC0#,#C#4##B#,#ba##02d

2fdb48cc,B###0Dd#,c#6#C8#8,dB#6AAE8,60b##cea,##Dfc2ba

Fb6#f#Dc,bb####2a,fd4A0E2F,c##fb6#c,cc6Fde#D,2##8e4#b
dDC#66da,#B#caf##,cbaDb##0,#B#e##2e,6B8Efdf#,2##CEFA0





dcAc4eBb,ca2ce0#E,ce##da#0,2d#c4ce#,6fEEcF06,0e#8##8F




4F0B#E6e,f6C#EfCA,BD8AbCBb,c#b#0#8a,#eb#fCD4,fbd#EBED
B42AED80,#Ca#A#DC,c##0#e8b,6cEe#e0c,Be#2F#FB,fB2BD24C





6d#2FeC2,2c6#f#eE,C2dBcD#f,06F8aa#4,#2D#d#c#,D#C2#08#





c###CCEe,###fEC2#,CDB##Bf#,#ED#a2#6,4Df04ffe,#Dbe#a##

B#0F8E08,cd6#eee#,##bcBaf#,0Df60dEC,6#8#b2ec,0B#2Ba26
8#82E4AD,4Fe2B##b,#D2#68dB,0Ebcc4#4,DD66FCdD,##DD##C#




dab#FdCA,6AD28DAa,#f2Eba2E,C8bda#a#,6EaAC#bE,#c2F#4#c
##0d#e##,bEAf0b#4,cFD28DCc,###c6aFB,6e8#cca#,24DAB8EE



208b60cE,C#dC#cCe,#d6cB#a#,#2B4#Bd8,6fb##BF8,C8c#ec#4

##F##Fe#,#B#D#68A,#a#BfAdC,##4E#0C6,##2#2FEb,#Bb688##
8aeCaDFf,8baDAb#D,2cb48c0a,#ccD#D#E,4f#aaC##,664dca#b

dbf#2FB#,06#2cb04,4bd2#CdE,DA0#ACc#,8bDeF#ca,4#B84#0#
4faCcB#D,d4AbDc#6,cBC66CA#,4A#bf6e#,04686dC2,6#CFEdd#










#ef0ee4B,##d#FaEA,#E4E062d,0#B#ccBa,#e#2c#6#,6d0a84#a

6##86EBf,F2##4#c6,BBeA##eb,d8#bB#BE,fB4Ddc#E,D##C2FE#



0#cB#aA#,6d2###AE,#a#ff#6C,d#0a#CaB,C##AA#Ec,#fdd#8e6

##44B0cc,#D80422d,0c2a6#2e,#a#deD44,8D8A0###,CefFB#6#


Cffd8##f,2C4Ee#cF,BBE#caFD,c0##dcB2,CeBc##BE,4a0AB##0

4Df2DEc#,06F#A2B#,2bB#Ec0#,CAB2deac,#B###af#,#DA8aCD#


#BA###AD,4ecccCa#,4c2248B#,BbFA6e#B,BD##A#b2,#D0B#28d
cC#fAfc#,CaCB4dCD,#D8A682D,0E###cbB,4#eeda#B,#cAeA#A2
0B8fa#EF,#A6eDb#c,6CB#f#4D,64E#Eef8,#6bDDFfe,bdA#de0#







#E#A4Ac#,#AEDD4##,ffCa62##,BEc#44#d,DF#ad2A2,##df#dB#

0#C#a#aE,6#4##6#4,##Df#e#b,F44fD84C,bC#AEd#D,ca2b#2#d
6EBE#f#F,#eaf#FDe,c#6##62c,FD#8DEa#,FBfb###b,De#84888
F#C#FB2B,BecddCEb,#a0eC#C#,CD#A#E##,dFa#4e#2,###e#dE8
#Dad#0e0,f#cAF#a4,BAdeAb#F,#0Bbbc82,f0ad2faB,BCe0FbDA







46#0eb#b,fcA84bEd,4#488C62,cE#cc#Ff,00e#a##a,#fcdb#b#



86d##6CB,#D8f#c0d,Bfeeefdb,Fd#EB6#F,6#fb##6a,##cd##D8


bB#A20#B,C#dA#BA#,CfF#aa#D,06D6#e#8,dD0##Aee,Cba2#cbF






bBb0##a4,cfBAFDaE,2bC46ABB,#Bd0DcF#,fe4D#06E,bfDDEbcf


#BF#2#a#,B#cafbd#,##B#cBEa,#42D#64#,Cc6#ED88,#8FE#a2B
6#AB64d6,##BB#2dE,##bE80a0,CB#8D2#e,8#Bd0#bD,b8b848#0

##e##AB#,#D#8#BFb,BaC#8BBd,dA0D0##d,6F#bA###,#ca2cE#6
C4EDcA0#,#06F#CcD,##ED##4a,#6400Afc,42eDD#6#,f#Ca86#B


cc0B8EBF,268CBAe#,##202288,f68c#D8#,06bFbBAa,666CECf#

d6#AAb#b,b2CFf40D,C###8###,6Fef48b4,4EdCfCaa,b##6#fCe







##C##6Aa,64fb6fEE,#AFfB2D8,4FEe#ea8,dC#0c6#c,#f8dE2A#

fD#beAB#,4A4f4e4#,6##Fbea6,#F8CAeBB,#6086e8#,####dEbA

4Aefec#2,fFf#fCEe,8DdBdcc8,#BCeBcbE,F0eEa404,6##fDEC#

Ca4bfbC#,BeF20fe#,c6c04a4e,CCAfcB#a,##DBbB#c,F#dc#eBD






cDE48##C,D##dE6D6,d#8F#d8c,#c64D24#,c#fbFe#c,4Ce24DA4


2#B###ed,FBfaEe8a,d02#0#08,#2Cf##C#,CCfCFBf#,#d##cAB8







d##ffaE8,#0bF0FBB,#2dAf#C#,#8b8D#6F,c2#cE#e#,fd6AfEde

#4604dd#,2EdfFd#A,c#FfA0Cb,2eae#A02,C42DD#6#,#4aE0#64






##A#2#b2,#c#a8C##,fF#4e0dA,cAFfbe#E,#a#Da0e#,8#b840b2


f#ecd##6,FAD0CFf8,#cdFbC0B,#eb64fAB,6#4af8DD,b###2DdE
#4#C4#bb,CA#FfC2e,8C#4c262,8c#2bd##,#DD826eE,#eCFA6DD


dcabeBBa,D8AfEC##,6eF4#06b,bFdAaCa8,#ccD80B#,88DB0#b#



#DF4d0fF,8##eECb#,##f4EF#a,#F#2D#DA,#d8c##f#,2bC##E8#



F#a2022B,6FCcf6Ed,#ec8c2Fa,c46CAAAe,C#B#cC2#,#8da0a#c






F#CAC6AD,fAaA4dAF,4cF42f8c,8FbFA##c,D#b#a8#B,6E242c#b

C2ad#da2,2###2ef#,F#4#44DF,#EEee8EE,Ba#f#Bc#,be#C#EcD

0c#D08D2,fCc#B#A2,6B4fdbff,0a8eC##e,f82#BAeE,2B#B2E#4




##2A#6aD,FF#2F2Eb,#a#d#dFf,d840E0dF,#BCCdb#d,CbfC8fD#
cfD6#fff,0ed64b##,#CdaB8aD,f08B4BC#,0cefD0Ce,C#bc#bcA
Bd2####E,dc6aCCAF,DBA06#26,BcfB86B#,#dC6ad0#,d8f66ab2
f#dBDdE0,6b068#BD,#cE#eFd4,d#cbF###,0D68BB4d,D0DbfBd4
####0a#6,#CefAB0#,###B#828,##Bbfe0#,##6CDCe0,f6AED6CD








##f0D##C,#C0e4#26,fedcB#d8,C8f8##eE,D#B2C#d#,#BC4#FDa


0F###a#c,D##BAE#0,ba6aA#FF,#08eA##B,fcC#6#cA,D86##EB#

4#BDbcfb,#efbF0ab,##D##Ab2,F#022e2e,be0D#fDb,2F8d40B2







#f0#a#0a,4c8#b#DE,46CEf##A,#f#F#aE#,fFE2##aD,##4b8#4b
8E4e#D#f,cdBcF466,24cFDdDc,D2#e4#eB,bd468FA#,2620f0e0
#F##4EB0,dF8cc#C0,bEE8####,#DDC68#a,Da#0eaBD,Bc2#E#Bd

6BF#a#b2,6428#C2#,dcCe#8fB,####c64B,6#dC8#d6,D#Abb4bD


CbdCdceD,d#6BbeDF,#fC0eC#C,bf42#df#,#e82Dc62,d#fe2#aC

##A#BAf0,Dc#eDbca,cE###68B,d#AEC##C,6#afDaF6,c###FB#2

0d2#4d8#,80fc0Aa#,C4F86a#A,deE0FfAB,#B##C6eB,fe#F4Fb#






#EabCD#C,4#2a##2#,00###C#e,Bcf#D#ED,D8CdfcD#,f#C8dCfD



8EC##0##,#bbDFfF#,#8dBBcaa,8#####e#,CeacC##E,bDEf0###

#ceA##B#,#8ADeF86,#d#FE#E#,6##2#Dab,#F88E4a#,f#a60d#6
#e6cDf#b,##28cA#F,#A#2#4D6,dCb#aeDC,#c2dD###,cEc826eF







#8c#0cd#,dCEc4Ca0,f44##4dC,#A#E6Bc#,##E6b6Fc,B#cbbFA8

F2b0b#6c,#dcbeE#d,2BBdAbA#,#80#eE#4,28#0afB#,F4###2#e
DcfBFa2B,##FaFd##,bD4cA#Dd,B6#ecBb8,#B#6808B,F#D6edfC
CdEcB##A,F4#CAec#,40##A#FF,#2##aa#f,66d##dd2,DedF##6A

#Bf8ddCC,f#e#A#fF,#cFf0A8b,FFBaBD84,D08#Ae#a,#eb#FD#E

6##2fbA4,Cab###bf,FB8E2dF4,bfD#2Ad0,8b0FDd#A,f2##f2d2


##eE#4C8,#e80f#68,#0Fedd8#,6#fecaf0,f#eeFDFf,#e#2ADCB



BBA8CE#A,F#e#CcEF,cEf##2eb,88426B2#,8#0CbAEf,ce##C##d

0#282b#d,#bb6#Cc#,04AFeC#4,4Ae##6fb,0b8DAB#D,2#eFABE#


42##c02b,8#Db##8d,###608aa,B4###E#c,0C#e8B4#,FA88Aaae
D#F42b4E,###f4Ca#,408b#B6A,Cf#AE6bf,6###C#Ab,6F###0Cc
#2bC8aDa,Fff4Ee##,D#c22F#E,#bfCBefe,B##B00D6,#ddc#AdD

c4DFcCCF,Cb#200De,F#C6f#BF,D0#4DE#b,FD##e6Cd,2##bAAD#



#f8#A8##,#4#d#Fde,BaF#cCF#,#D#2Bb#d,bAbA46BF,8d#0AcBE




##b4E##0,DA#fE0#0,4C2##a6#,#edDcA0#,#f#E#0#2,88Db#6#C


dB#64B##,F#EA#Cfa,be8Dde#2,04bbA4ce,28#6D#D#,2b8a##D6




#40d##0C,F2FF8B4B,dcdA#8Ee,deB6Bbd6,D#F####4,dF#4a#6d
#6BaFaCb,2C4E#d##,F844ADc6,2BA4a#fe,cbd#2D0d,8##beDA#
#EBBbbCE,8f#c4#ee,#cD2F#D2,Fe80#EDD,C2c2F0c2,#EC#a2D#


#AdC#0Cf,0bBBCebC,0dbE42Be,cd6C#cFA,##BD4Fbb,0DB#686d



#A8B#bAE,0A#a6##e,4e#fa##b,#ED##B8B,#D##aa4c,dd#c2Abd


#AE##Fa#,8bc4#6f#,68cB260F,#fbbf#Ee,BfEe#0#4,6aB60F82


2f0be##d,#E#dAfdD,2#baFFd0,C4#Ecac#,bDCeeC#F,c8bdBf#4

f4#0##c#,cADaD#a8,f##e#e8c,#BD#d#fE,##0#b4#d,F2#B6Fd#




#ee#beCc,08C#4#4#,D6dDbeAD,2#EBcF8c,##be4aeC,8#68dC44


#00#40#e,d68B6#0d,6F0cCDcA,c00e2D2#,F#a#A#6C,cfeBe#d8

4#d#A22#,cd6#60cE,#A#b#d0C,0cB6eE6#,0022A8ef,dC84cA#a

cEae808#,fbcFD22b,f#afd8CA,b#8baCFB,#B#d#64b,4#daBc##
CeEfF#e#,#dac0D#6,F##c0fb#,#2D42C#8,Db2##f##,04Ed4eAd
Bba#a62c,#0AbAdd6,c042Dad#,0df#E08f,D2Dd8A6d,6e#0F#FF




08Bae#AC,BA4d2#AB,#0#a#Eb#,f0#Fd6A8,4d#eCa4#,bECdef48

#Ab#86#A,#dA#cAA2,DEBc4baC,#eBde#E#,Cbe60##F,Ca#4Bb#E
#cd6#CB#,#D4a##Bc,6dBBf##b,04afB##2,#BF8Fdc#,#D04#80F
#e##F#D8,bAebDbdb,Fb#EBFFD,2db2#68B,#6fAfC#E,fde88Def
BcBa0d#6,b4#4De#b,CEdd#add,FcdFeA#f,fA20fD#B,#FbabeB#

#4#cfe#D,F#0##AD8,#CfcBA4#,##D6F##c,f#C#Ff8e,bAEe#aD#
fFbe##c4,b4A#d86F,#dBE#Be8,04f#a#2e,dcdAac8b,##82#E#d




c#e#abdD,BEbd6C#f,2#c4E0E4,fDB#0eeC,#22#Ce#e,D#e66#b#
#e#EfCFe,b#2fFBa#,4#C0###C,2E#FF###,#eaf062E,C#c6c2e#

DaFfa#c2,f#B#eb#F,b#d#a06e,#D#eDaDA,##f#48#e,66bf#e#b





2c62E#bD,F4#BAe0b,d0CB8Ebf,4#F8b#EC,0E#A22FE,###6C0##








#b8BBcdf,C4ac2A#0,##F4#d#0,f#a#e#Fa,bECfa##d,C###FC0a
c2cB0#0#,FD#4eFa#,#ED#64#d,#6e4eBAa,F#CDc#A#,fDCD##C#


640#dBF4,#CB2#66D,F##dEEF6,FCeBF6a#,#d#A#4#0,0Bb##60a


#0eE42e4,6c8#DbbE,d62#Eea#,##b0e8#a,6cE#Df48,cccE#f6#

0EFbc2D#,bEe#eaed,##2b#BDE,bc20a#2B,2d#aF4Eb,B4F#F#A#
4efeFE#6,#dccbD#b,fe2#8cd#,0f0#Af0a,cccCDECb,de2##CcB


c0##6Ab#,2ef#ac#4,fBF0CC6#,#62#CAC#,0A#0##C#,ddd8a#c8
bB0FE4FC,6fFBAaa#,DC#8AFEF,#a#fFBB#,68e#c##f,##A#68cE







#CF0C0Ec,#e8CC2#0,2f6##22#,DB6#4404,4fCfcdB#,#DF6C44b
BFBbeAbB,ddDC##dE,fA08ee#a,###CA2#F,FEAabABC,C6AA#d#c





F6bd4C0a,df4#62#c,C4FAC2DC,##E4eDAE,486E6d#c,B#CCd#A#
#c8Ce#cd,#f##0B##,fE#A#2Aa,#2d6e#A8,ceEFFF#E,#C#B02B8

##CC#6A#,#fF#aa0d,#ee#A6#E,dA4#A064,C#6#2#eC,6CFEdA0#







##bE4#06,D#e20A#6,cA2##4A#,48##cdAC,6eee#baE,#2ded4E6





4d#dB6f2,D#EE2###,F#B2Cf0b,62B##4FB,##C#cCe#,22CDF6E2




Fcd8Aced,cAacCFeD,6A#EAE##,deC#aA#4,6F2C#D8f,#A8a8bd8
##E6#f44,#a24##EA,##4#c4a#,C0e0b8#a,#CA#8F6#,#ac6a24#
d0fFAbcD,BEa#AFdF,#A#f##b#,#8f4c0##,###C#e#f,2D#ccaeE
#C#6Becd,F##ab#Bb,Ff#DeD2F,#6##0Fa#,CcAD4A0b,286fd4DD

2BE2d60b,2#B0C2c#,2b#0AfD6,#24#Fa8D,8afa4EeF,#0fe#a02

