0aC5a4d5,7B70e8f9,bABd8fBD,C49eaf16,a4F8cA88,abF8c0dD
bDc9a5a7,7a8CD565,0ad7749E,c53bc67C,CfDC3EF6,0e0d8CAD
CBc5520c,A4fcc4b6,2EAee35e,BE68a679,49a7ebeE,d1D3bf78
A3FCAdf9,D2AC9925,5c3cf2e6,BA7CDCc9,B5d34631,FFBF89F9
d1C725C1,42FfeAAB,2eA6C22B,4cBc8dF0,235Ce96E,B7b9aE85
cdb09c94,E0cFEE09,aDdE6a2c,276122ED,A8Ba2C91,670C8b9D
cc2eA123,bA81BBF3,fB6ef529,4cd42dBA,308F5EaA,0d9e5E57
E10825B2,eE96D934,dC9fD7ce,bBE9Eb15,d86cb958,F50782D2
cA74D96C,427482Cd,E9AB0D01,0A99Dd6b,E2F34f38,681ecED2
edeD53af,DEbdB685,F53A7fBD,85ABd384,fAcdAEd9,EbAb1cea
e0F82EAd,d5FC034a,9d4fdD8d,841d0BEA,aC7D12Ee,DbBBF772
bffCe8dc,2AEc746B,5A8ab21e,789afD3E,330C1A0e,eeF2d5Db
A161bc2e,DFC8DFEE,86E73CdA,54eBFc0a,BE1a09AD,A009EAdC
5Bc3cB0c,Ff0c71Ab,8E48efdb,2F5deCec,1cE45e4f,d31cD8c0
FeCdA316,89adeFe2,aAcdab1d,DdcedA12,43f4Ed83,42CbDF16
66bC83bF,9C41CC10,C05569b4,fE6Fd9Cd,07920FEB,a8bD54c5
61DFcfAd,fFdb7b96,b3EeB09b,3fA0385A,938A3599,9cDEb9ad
EB7Cbff1,dbeACF78,E88d12E8,3eca4cEF,FbC5BD8C,565Def9C
ADD874ae,C4EFeBbd,ce7adAcc,61ef7cda,ba4E3e67,Bb2a87F5
813C2Ea4,4fA42E59,ADDb6aE2,416C97ab,5831CcBa,Fb66F2dB
8C824a3c,bb8dbe5f,A28d12CE,9dD5c3Bb,A7AF52fe,9C1F22DF
e0D53f11,78AED15d,a3e4b86F,991883fb,f7a4CDB2,A8089db2
A131A6D6,EDCBbb87,eF03A4bc,3bb9f5eF,8EfdD0aA,6D11BB0A
CCaE2e38,0fbcbcab,67FE2213,5BBE41e7,4a662Fe5,F7e9E8C7
8a30E3B4,FdD26852,17cf104f,ebCCcE1F,cBAF5001,b3c88f4E
38988a06,BaF9E7e9,B94ba6C8,bdaaE949,56AEDDFf,17176e3d
7fc0e148,DD16Abc5,BDd66c2E,4de9c6DC,bFDdd8cC,c838Ef3D
b5c0Fdef,762CdEdD,8D5b1BF5,A69c2E90,De7ECFDF,6f9c957b
f2Be7fDB,fAc61bfb,f8DD3C7e,31d8A0dB,b56002Eb,6763a6dd
eef2FeAf,BBED7dA7,9DDEB19f,C96B62dE,ddC4D6a0,EfAAe2eD
2848ade3,e91AD158,adc29A5c,38D6372b,8fD3bA9F,AEFE8559
a06bFe66,d3fDdbAB,37c9C5d8,daf7EFD3,4822a2F0,5C28fB2d
301347ef,5DfB564F,d9DD0CA5,badA19cC,dec47A1E,02dCCA5C
f8eeebCB,6e6A2Cbb,AC5aEBEB,accbCa1F,1ccB3CFf,D9338E2d
dBa5CEE3,D31285B7,EEbA002C,9E9679B6,8cA9AFaB,382b1D9B
FA0cC4Dc,d067a8db,8F8cD99e,5B71EcFB,9f739f99,Fe6DdeA7
6E1cdA1A,D1660b5A,aa73c9cb,CDF3d4Cd,21f8187C,18dE70e5
C1Bbd0F4,7B741Ba5,9aF85CEb,edAdF87a,BD1b1775,F277DACC
DE0Fe5cD,6979a91d,29F26DA6,EebD265F,4AB4393B,d7F4a21C
F4dDF5C9,A1bAE1a0,40caC955,Ec48D79E,e6a81117,EfFe3AFC
5bb6Db17,2FBdfbAE,Bb857Abc,4cfB7dA9,196bE09C,Ef4ADba1
7DDbf3FD,C5aC7007,2BdFECBc,c8c8BaD4,723ed54B,D2003aED
E9351cbe,93968c6D,a2CF36D0,Bf5Fb626,2F7c09aC,aE00a0b6
e5EBA81d,82A9EC86,DcDa8C90,3b0FcbE1,Bcee486f,57DAfaFd
4ECec69e,Fa43DAAC,43a88D71,CCcc4D8e,2Aa4ac62,Da8Da5f0
3C6Eee34,dB5E3B1E,6Ab9dbCF,54feA89e,2284AD09,DA91AcFb
7CBa4bd5,6dc593f2,F9feD72C,ac9fBbe3,15d3CAac,A026D280
8bD4B31c,Cd9cAb88,41ecf12b,9C041F4E,63EF241F,8B7BECd7
E7b05Fa4,6cED5C3a,4bcd5DBa,Cb71dc7d,FBe93abD,6DBd5cEB
b0F9E86a,3FbD652f,FFAbE1A8,87bAdAFe,2f7BedB8,eaf93a7b
B9C4C8fb,FBF7fcFE,dfAe16aa,6a3d5fbf,aB9aBfe1,Bb766275
43f452B7,018C9C1f,09FB4bbD,Dba7BFf3,B6dFEBfe,2F66b67D
Ba03BACF,cf1cC0ff,c06baCCA,f52dD66C,EcdBB84C,f2252bBD
9ace35f2,86140711,879DE383,eE4373C5,E54CBcfc,40cDacaf
bdFBFb6c,111e53d0,ff9edcCf,16e71eD5,Fc9665AE,c4BADAB9
2D181F3f,3eda76FD,209bEc2a,A5e23DA4,3f7ffAFa,fBDFAEb7
474a2D8a,9F51DbC3,Ac783E57,A29a81Ea,58CCD5B0,be42EEdC
53A2Fb95,Fec37bdd,F2A7559B,EBB0eD76,7C6c768C,202ded9e
346C531f,b2Baf01C,83Bb26FC,e4FbC7eA,f4C5a24B,fcF8F7E3
D6A6Bd3E,Ec23D3d7,0FA4BB7a,4Fdec3c9,1AcAc59C,bE8ffEfa
aB855AA7,C48F5Bfa,18aF43Dd,fB229fED,e3D21e2d,6d0A267E
539c1229,57796D69,1b0eDbA1,e9c9EbF5,b45Ec8d0,aE901C0f
37cee09f,0Cf16462,A3a49dC1,ef3e1d8b,79dB81AC,37ee82FC
7f121ABe,741117CD,1bDfB3b2,AB6EC627,442ABFa6,4e1eF84f
AeB7DF63,Dc7E32BB,D5DA8bea,023ab8A6,C4f7bAD0,32d31BFd
261283D9,86E3aEcC,CFa4dee0,eCA9BB8C,3F2dcFcF,c1d9D666
ab97eCf2,b7f5E9dd,Df0FDA59,0329Dd37,2b260f05,CCeBe94C
CAB4837c,649ceeD5,a5963EB8,ACE9FaE3,DcE31b5C,fe17aAAe
1b8bbf6A,8Eb27Adc,D82d86C5,1841D753,Bfbd699e,FbfEe9d5
73a54439,248Bd0F7,7bc2ea50,0C0386e3,C85dfC02,aCEcB917
5f8A04DC,6b0EF3B5,7e1f9fB5,3682e64f,874B0Cdc,dDD16003
FAcBb762,0F45d7DC,DD55295d,1A56aed6,6CcEDc7e,dA6E9c9d
0F74CBEf,bD90905C,2ca1Dd8f,CAEB67CD,c2Dcc77a,c290aB8A
cef8a4eb,45d26B12,8F544E6B,30B76e8F,77eF74Cb,fDa6F9Bf
A43716e7,ff41bcbC,84CAC170,CCA8AED1,F19c8b0F,9B50C9A4
4F1bfC0E,4AEBA80B,eA54c5f0,Da4Ee791,D1aDaf92,7088a35A
F6bD2b2F,a7FE8bAb,B50fdAEe,5e6dfCce,e5165EFA,5ae95206
42F4CfAd,53BDC3ED,f7FB4e46,EDf3E7aB,54C8c36a,c8728dBD
D548FEED,8528B321,e778EcCa,c5B203fB,f73ebc1E,97081b3a
ac59c5bF,7E0fA1d2,D258ADC2,4Be7cDb4,A92bc218,678FE98D
3c7000c7,6edcd9BA,8A64C71a,F794728B,3D6B2e81,a8a9e546
dc5A46bd,bf9d632C,f39E63cc,aD4f3fCc,28ED0746,0Ed1bd4C
05D72dDa,AF0daA51,e1Bf2Fe5,ab4ddBCD,ECDd2EDa,A79e898B
CFC7fD27,f5fdB47d,C3AaDCCd,A2cBC788,fb46fBD3,BdD00E6e
850A8b0d,0C7d5C5E,eF16f5B8,5bb3e74E,C7cD9254,Ce1af3e1
FA4c903b,BfEe22aa,8dfCf1B1,138837F0,473d5C65,eAad4Bff
D97c7a07,cf7513ca,A1acCaAf,b93F28Cc,9EB3cC58,F71BaC65
BaDD3EAE,E3dBeCEa,c5f68CA2,3dc9361a,6E8B3C19,281bcD4f
B81AEB78,fe6B0EAd,72B94AFe,FD4056c7,E41eE82A,7Cffb0Fa
4Bb272D8,63eD17c5,99EfB0ec,4F1fDe05,663AfF2e,047CaA2e
765C8E19,Ed379660,edA50fa6,8BBF9B19,d0Ba14D9,fAfa183e
f04e8B8c,aaF5a386,97ABaBc1,e01AE30B,A14d42E1,9C94cC9C
bfFb7c4A,ff94EE4D,243b4bbc,1964B25f,3EdE3603,f3C4bB08
f6DbcAFe,7E3bce4F,3b8E86bE,328BF226,42Cdf0F8,D6Bc207f
A2DE0EdB,fc1aCCAC,cA8f86B9,dCc21467,D160fba1,c5B565ef
EF0Be07E,9dFBbf04,DFE3b3b7,aaAFccD8,C5DfA44e,B8fEeAD8
f6C1ACef,EE9E4A1C,4d45FB3E,FF61471e,C2d0F96f,ce1Cfcbe
Fc318381,758e6314,ee2dcAEc,9EDfbD78,9E1e6b08,bEC568ab
eB7E77c1,65Bb4AE7,9F0bbdEb,dC2d49a8,fa6bF2eA,7Ebefe58
Cea304Ce,4795bD5a,981Ecc12,0e8c70E6,B31daeCe,5E5b4f8c
fB68a4b9,4BEB8ccA,68a89CE7,78aea8Ff,d3FC0eCb,eda997B4
9d3B0ECe,9C5A868E,FF24E660,E9c39Cd4,bdeCDAE7,64627fe9
104025AF,6C8efE14,E75eBC53,CcE11e97,B711948d,cF6C39ec
f5a825dE,abcbB50C,f0F8E81f,50F578DB,918Ce86d,F4A4eD8d
36eB6454,9C9c2ccA,aC577A26,6B4680bF,1d2B36eA,6f51BF73
3F8c6f7c,0fF66cDa,eDb03440,c9948A4D,896cb1Cc,07408C72
7ED1a8Cb,5CB3AcE4,144eBFda,8f38aEB2,Caaa829B,c512c42E
0c039304,a25FC498,1cfeAEEA,F090f7C1,F3Cd5B1a,783Af9Aa
81addF8D,Ec468BcF,d8DE06f2,5EE1b3f1,aA8Add2e,07856Ac4
00e7Cf8D,D0CA735e,eB503f8E,9A8BA2F9,915dcBCe,ecD8AedE
5AB46C96,A4aaAc1E,6A075798,5a9D15D7,cEeceF8a,7d43F850
a8a9345b,EE46F81F,fE5EBAEB,dEC18890,C5d2bB91,42AbE6fC
ED601FF1,DAb1E69f,EdAA59aD,A16fEdb7,B641E21c,a4CFc6ab
AEfceEdE,DD73010E,A3F36aE1,aE1CE5cC,D4eBAdac,9eDaCfCE
D54FD43a,BFe5Ea8D,36c2Dd3C,ae3ce735,FBA17fdA,FBD09fB7
3Ec2B5D2,a59C67E5,6Be79B7C,bFDa85E5,CEAF8A3c,4f858e51
C7B2EF93,86C13aF8,BdeFF6f5,Ae2B1D61,d98B5Bab,aBBb015c
44b3bB9c,ccF6e87f,FBBc1E0E,C5a0AfaB,fAC5B8B5,cCd096D2
AfAB79ed,8e39cb5f,3Ef8fb9D,119CaCB7,DbbC5ecb,ad3f8aF3
cE9aCee6,6B28a62D,72c7C4AD,A5aeCEF3,7fddadFE,FD3A5cb7
15b50AB8,5792E185,3cBfcEC9,3C32d9fF,7fA8e454,7b7CbcA1
FDbaeC24,FDaf8a04,9dFfE294,77a1d4DC,B3E8dDEA,c20BFFBa
6AcCAB7D,DDbd7EDa,f74b0DAA,E335AFa6,fb8d231C,74C50de9
E0FcEF6C,0d44cE96,5019cBEE,6255a0F7,ACf8BCFf,567BAF3C
A4DD1ab5,5eC30A66,9E76Dc0D,Dc477eBe,135D7BAD,5Ad5B53d
cCA13dfA,Cda8fdf9,EDCcED92,53AC0418,0CC5414F,276ed45E
d9B98EA2,Ba66A54f,8C217d5e,bEcADdff,90aDAEB4,BE69d7b7
5EFdC93A,E9e8Ad9D,5fD6cCE4,bDCf799c,6afEC81a,AfD2eDC4
EcAeCB0A,aD0AEA35,8C5ecAA0,DA9bdEbd,d4Eb6DE3,FE7E237e
dFceEAeb,dCF8f927,4efdd50D,Ad52d2D1,CCcdDd7d,B94bfFcB
e089aEdD,fAcd2288,7A2b09CC,dBEdcF69,672a9BB1,dD9F9BD4
9Dd4CAde,c5E3FA93,dfe48770,c3f8Fb41,3Bd7aBDa,913aBB43
B6AA4D51,FFA202b8,fAE21F1E,2eD59edF,85be48fA,1Dcfed3c
Ac3D0e9b,1010BAAb,0aBb185F,e2e8c7C8,0Cc24696,dCFd09Fe
36B4b63c,7Ef6141e,14f154c9,1E1eE239,fAb3281d,e4D8316c
bfcaEC03,a8AAeF8f,0321ac05,E6Ff5dC7,783CBEBB,ad0deafF
Ea8CA0DF,A8997cF0,a754318f,1b6798de,f5929EFa,8E26eb5B
e81355a5,87A49b08,aeA810Bc,D8c4bBf2,AF1DbDDD,Fd0B1eB3
DBaAfa76,Fa8C1Fc6,feF1Bd11,AcD40704,Ed153CDd,4b25a36b
8e949ECe,44E29eB4,803Eb7E7,E4f03f6e,B9bAE1bE,cf4Ed4CA
9CAD9ac2,e08Fb6ED,fBe09470,d43Adb3A,37b3af8f,bCaFAdE6
e16Eb5DD,aDf63Aa6,67eDecCe,3A057374,9Efe0AFd,f02aE67e
e319aEFa,8b58285D,aF95c4E6,bA42732d,c1Cc2ecE,B4BADFad
0e2c2cEb,dbC936EF,4Abd3f5D,c79CD922,2cd5F38A,E9d3f832
4BB86380,73e0BaB3,3AdBCAd8,b4bE37fD,DD3cedC0,2F96A156
AFCfcB27,BcD511ff,7cF7844B,AAA44525,dCD5F263,FCb39c4a
b1EEB32a,c0389a3E,6Bf0c690,Ffa2Ff6F,089ec1D6,cdfD3A0c
7a2FFcB7,7EcA7C3d,483c98ce,AFc3bafD,4A04fcbC,8BDdCeFD
D8b73a49,4d3e03D7,eA1f3e1D,eFFf3fC7,bfEAFc28,aBE0ED4d
ccD31D96,6B08A65C,bE285db3,9D4ac9Dc,9430A302,0FecE25F
4205Ba2d,A04B4EFC,cfb17134,6F192497,af3221Dd,24aE38A0
2aefCecE,cf7700Fa,7ECdD8A9,BDCAdC29,4dBf165A,d9bdFdbe
7AcbDf52,2FE1c2Bf,5D2D4CFB,979B49Fe,ab3C01FB,A02D4eF3
F3A4D1fD,0EecE39F,6b0d4Ddf,8AAE58e9,EebdcEC7,104F6E81
3de6a8BB,2793eBB7,Fd4e884B,f0AE5ECe,6e79F128,aEB11cfe
61E742de,267aD637,e376f72d,f83bFc92,aBA8E77c,334AE202
767CDa5B,Dd253F1d,BAa085F5,133E7ddA,FC7F63f1,BecCa47e
9Ed27aE9,61213B89,6643f66b,a6CbA27f,4DB503aD,1ea3e4Fb
7eBA889C,fbFcDa3c,cdAB320B,FDb2AAB3,ED467a8D,1F4e9344
a4D41bf0,aDEe30B1,d98CFCBa,aE0ace2E,3F92c02F,d5B0aa46
d1a7C5E8,3DCCcDCb,3A6Aced2,71aAfcbf,F7Ff41ab,D41c7381
6A6acFdb,63EeA3b1,Db3D03f9,fA7ce7fd,895621cC,92296a96
BEbc5baa,be4eFb31,c3A7fecD,Dc342dBb,c26B45E0,deD09adf
fEde29Bf,fcfa91b8,Eba79d2F,FfCBE87F,CBf7ffE2,e941f3d4
Eb1972eE,31A53C24,2bE2BA33,66d85bfe,35704912,8CBc49Ef
4926A8cb,7B8c3aFd,BF6e2A79,aCCd7F6B,D436B3b7,feBf4B85
48A0Be89,ac6Cb7C4,D2218E8A,CA876e09,82bbd88d,DEf3103a
4229792A,ADca55F5,bb9BB145,280e9063,cFEE4Ffa,65b18Dea
Fc62ab2a,4c7bf1fD,1f00Eccc,C2deF1E1,Ec3Fa35a,3a21c19e
eB139C7A,EAAcD987,0AAA4C38,d9Fd6B85,9aaC1c23,2387DEdb
9f9172AA,ea40F7D0,5802cD5b,C429FF94,DcB44f1f,b38c80FA
BadadeFf,70E171F0,8183Ca0F,65f0e8c9,eB8Ee2FC,1C8DDB63
dCa7d741,A50Bb5FB,2dFe75C0,ff3109F4,09AC5469,0bc2C8aB
792d9aF1,b610fCcC,f4BC4A11,Fd4da2D0,AeB9d0E2,c7Ca6CEE
BB15445d,6bEFDE9f,affA1Ed7,4dF7D70A,9faE2B78,EED3FE8b
2a5a385f,B22bC82c,D0ebC4Df,F2a43C24,27E097D8,474380f7
9AD138a9,C5A36E9C,769FA7dB,1c8FfaFf,6E1B829C,b44d46Fc
ACa323e5,aC0C268c,2ec1c0d9,CdCDcEc0,EF32472E,7B855FEA
E1819bDa,3c5cbADF,7b818c13,eA8b1fD4,aDe9eE9f,D33D29aa
49C52dE1,e0a6e505,cf5E05c8,BB2eaC3d,ebA03ACE,a7abFDeB
7daeafC0,dDCDe0be,62a0cba1,D59dBC6C,A1690CcB,EFdCfabD
047b7De3,cd46d6aE,bF3e3dD4,CccF95Fd,dBe5F3dd,306e3086
A8fF8fFe,D51Ad93F,9FA7a29B,c6a31b0b,e3b46BBe,2DA50c6c
ea2BC7eF,DBAaac69,864DFB7C,Ed734c6c,ee4dC40a,E2fdb1e3
C31deBFA,18Cd50cb,df4fAce4,B9Bfd772,CaFf9e68,dd8b0Ecc
9e4cbcA4,0Ff5529D,D6dB8F30,145daCae,e8dB46C9,D24b737D
18AeE848,3C3bD45b,C3263aC7,923da61E,df90A3D5,6BCF80eA
FDa7EbCf,e3fA81cF,3CCaf4B5,FCb80eCe,0Bf0cd35,543bfE31
8CB7fBB5,dDE7065C,F6F49ab4,e12eBE01,d1237f74,b0Ab96d4
C823aECC,2cf4b3ad,b6cae8C0,6A1adA0c,b839A57d,DAb84dCa
396ecAd0,bE977aFf,aEeAF8Dc,Fc1fa58F,263e3cC9,aCdd9b89
fB671b7B,521f1EbA,e07C3068,5AE3bf23,D71c0b08,8C6E85F8
CfC0F0C9,FfEeB2E3,ECeBCA2b,055D30D3,e59E222E,Af364bBA
D7FC9e3a,0eecE5AF,Abbbafd9,c29d2a2B,AE9fc8d5,52edA1ba
ba994633,CdA5fC60,1C4ae71F,95522Cdb,EB200ADD,cF470Fe0
bbfaEA00,e017fDe3,FDf713Da,0c296ffa,AA184a8B,aBa2c9Cd
faA9D2Be,97BA1C4D,F0C8BB05,C10C4747,fff76d4b,6A7fd7c3
2fe6E9cD,487c557A,1Cb74E88,DEdBb03f,d81E6974,8f28c46C
ef48D24b,C996D1a9,3dFA5bEe,b6e2AEBe,6eceeDCA,ab3b754b
a99CEBe0,AC345332,fd67EAA3,495fF1a7,F76C6354,A2d05CcD
3bDDeF1d,Ec9B262f,8E5b5c2F,b79fbCC0,Af5400be,b4EE3c4a
86FBDbcd,C1F39a44,856cB5dB,DbB19392,85626eA6,cecD0ADC
633b5bB2,B152dbA8,CEdf0A4b,1F4659Fc,E4528373,dd2dDb0f
DC5a3528,969E54DD,758CBda6,D4E8C880,8De706Cb,EEc7fA72
95E5e94d,e1EC0Ef2,c958dd8F,3E4EB7cF,41663C2C,a1F2F2c0
e7DEaCBf,DC00ace6,8eD9De94,B9D1aF0D,74C141Cf,dfefEFbb
e5b27CA0,EacBd9a5,2E6E4ba7,3c5DBedb,Df6e5A38,a9E60d1a
1ef49B7C,419dC3B5,2c269EA6,80a7D9fA,EdB63b27,F379454B
fE6fabAC,fcDb604F,D6B61c64,25a4BffF,4Bae0968,cAfAabAa
97827be1,56BD1d81,a0Bc9da8,a4dcf521,5f7fc2Fb,29098C3F
Aa93E93B,521a6dF5,12c254cd,b141A4f0,A26BFeB2,eD6fbb26
b0Fb7515,28B27E0a,1be236ea,704D14bc,AC67E0F7,7b1341ce
eCa67Cf6,3Ed9c1B3,A6744A96,BE34Cfeb,7097A732,28Dedce9
E9Efea75,BD81Aa6a,26aacABA,c2B20e24,554af7Cd,e14ce9dB
732d428A,e9Adebe8,ecA13fB7,DE180CFd,22dd0EAD,81281C3c
Ce20be27,CfE7bF48,57Ba8f9F,2be94400,c667B762,a578Cc0c
68cA19DC,8b439581,Ce0FE76F,c2b1dAA8,8aF6b4eF,0e71100B
bdb71c4A,7E0f5d21,58fE9dd9,FEcDFEDe,912b1fbB,C35b2EB4
3D5E9dA1,013cF43b,62AfeF6C,a48144C9,bDDc1180,51bFAA04
6fFCeAfD,0F2ebB8A,fDaCEBe3,067adBD6,9B68fE9d,bF14ca0B
2bC3eA3b,eb22a86D,68FebEDC,ee88A5DA,da417F6C,Ac680f9A
3Aa5dFBb,4dAD8b88,8cABeea3,71CFB761,aDA4A501,21b7bF2D
A0f001cb,F1b14556,EeFAddcE,ca4b43cC,1fDACcbB,27861cDe
38c87670,CcF222Bf,1a8E5bD9,57cCaFFb,5Da9Efd4,3dcc0fba
1C73F443,1C2FD11a,F38A29b3,20FAfF34,ffbC8cBA,60dD84Fd
897E5DE9,5E69aC3d,6beecDCD,Fe35bdd1,7aaAbE8D,d46FC8da
3Ae4C947,42ebDa1b,F82AA054,60c653f8,Da827AFb,e3AF0dFF
90bD3E77,Acd6B15c,82b1BddB,2E4d3a22,Fed4bB7a,37ba8DDe
831Ae964,6C4088ab,bFBaDa34,3Dbe68b0,Baf16686,BEfa8ACf
068Dd01f,cF283Afa,7362fd7a,D9ebaCE4,c195FBCb,d4d4f938
a86Ad730,A4a0d09C,AeF4CE4a,1BfEEfF0,FACb318a,1b8beed5
7ebaF9ee,47AcaFAA,ebEFEF6B,B8EBBDa3,E81E244F,fa8a579E
AD05C64E,F8E7bd77,aAC082a1,dEbD0e1F,E3Eaf3EF,D109fDad
F44C07cF,C1c07f31,4e3240f2,0AD04a7A,29Da81FF,9eFDC0Db
a3CeA1AD,d70eC792,567e334A,ce5c3afa,4Afb7a5d,BaE985fe
CFBC4F1f,94faFe8b,BEfBDD71,F4fA6FEA,7983A4ef,32C700d0
aAcaF281,4ed650c1,8Ed713F1,2AEecBC1,82C0D529,AB9BDe87
b0AA6CcA,F2ef3bcA,0aB8AEaA,191Cddec,92b16e1c,62E6aE2f
A092BecF,047EdFb4,e50f67FF,C292D5F9,6E6C5b7c,2ECefEfD
6DDec635,98Ffcf69,FaDe89CE,A5Ed3E08,Fae9C83A,42d057CD
47eAD322,2ecCf1Fe,D482be7D,71c64E5E,d4A5cdE1,Ba43f5Ae
dA85EfB2,14ccBB31,e83d3cd6,5C1bcBa6,425fCC70,dCacE2bD
077E3fE2,F9D4c66B,5FfC9b83,b975D5a8,0D5d6c9F,59cDB5b5
dF15AC6f,Ec77F285,4b2e22eF,D2c5FCe5,e36Fdfe3,cd4Bf659
762CFb91,A7af2AC8,d1CD94AF,Ff5E6Bb4,aBa94120,89Fd4ccd
BcC9Ff35,fCC55D93,7eDd9E71,cE9dDD7d,AB2EBc35,a04DC8cD
b5dDaCE5,96eB6852,bdea91B4,FEab6162,F927eFaA,0f2F7A6F
f1B30aDB,Aca64Ea4,56dEAFF6,B796D129,525acaCF,F178B5c5
DBECBa41,c6D7f7B2,F72DEbDc,1689387f,cB2Dc1A1,90C9EC68
96545EC4,DD73dfBd,d31ADDcb,28E69CEC,B4F8CadA,BfbdbBFa
dF4E884F,80A3FDB9,2A64E16a,Ad46BB6a,1BdFdd8B,AF30817B
aA69dCeF,03d02CEc,18B2D3f3,6b3EeBf0,9ACC5F2f,3F8f0E3C
F1EEe3Fd,d4ebB285,dc8E95eF,d222fFDF,3cc36B79,ec696EA7
b907cCA0,F358a2bF,211A6cB5,BF6A1A0F,195f8A3a,e3AA9301
eDD00beB,E7aA026F,Eb8F34A7,CaB7F0eA,D58cb7B3,f63e81ce
C45DeB0A,854338D0,5fBFbb57,F436C2fd,AaDD77eA,769571B8
6Dd9EAa1,cEdaFBb7,9B2a1076,6f38bf1B,bFEA66D8,b7bAAEf2
f8FDcb67,e9a68BDf,4550dfd0,59Bab5e3,7F7DeBEc,85C22Da1
Cd2EDCd0,E1d1F4Db,E6DDDB1b,FFcF7bcE,64FefCf3,36E09B2E
CFEc79c6,72125Ef3,0D6cDadF,96e833Cc,6d3ab35d,efBeCBA4
7BfDbAd1,8c1FCEa3,9d5Ad46D,EfBAa1f4,C464A97e,EcD64a25
cf0bcCef,edBf013a,6f591f87,DfA6B996,CADCeB9c,5ab7c22A
c2DC9ef7,10abaCBC,3371b032,B14EAe47,Cf22FeA4,1eA8De29
dB8f2ABB,C40E3DB6,B56f310D,EeDFE1d2,7D94CDe6,667Ae87b
Ef9bB5cF,Db7eD5C1,0E74f008,14D2793e,BADD7dc7,4e01a00b
2fe07A9D,c30bDfFF,34C5fF13,Ff092CB1,D76525d2,bB5F2CeC
18275acD,AE6c40AC,ee879b6B,f9aEE4ad,c6e48059,b278CF8f
E2dd1ECA,880Ba9F2,FD036bB8,7564Eb60,aFcfaA7E,fE8E0358
49a5D434,f7c9bDa7,ba3D0193,b977Ea66,1CFb3AE1,8AeF39EE
f9cF377E,B7682e28,3333CFBD,3c24897d,535CB09A,184F4ffA
0f502568,643db418,84a96aAa,dc25Efa5,aabeF8Df,EFf98BDe
2F62C42e,b81916d0,922AFb51,312dc46A,FE217dbE,8DCa1bBE
D9B445aB,EDF0A97B,74364d4E,0dDb4BB8,39AD2fdA,C3A7Ab8A
b8ca5f12,40fA945F,4E28DF59,18eF7dF5,C3aed71C,4afD2EBb
9C44387F,FFDb5e1D,0AFBeD77,c3671FDE,Fe0f845D,a0D7bd6B
3328dd8E,3FC8cAFb,cDBbaaAe,e27fffBE,6988Dd6b,b51886dD
afBAbf5D,D6C37bA0,b0E4eAF5,B33EE994,02d4EA26,4D95d62d
f8c714b1,aB5Bf760,CcEF1963,Bcaca6B4,Ac75dFe6,B31Efad4
2a908FeE,b5cDA9b2,Ef606CAA,8788Ff4E,c9DcE2ff,e08C0917
1ee0aaa1,9fbFdCc5,3CbebfaF,A21Ced13,3d0AdBa3,6da57f5A
AdffF5dc,BEe11Cc4,27Deb75E,b772FEc8,3EC5a583,8AaA6A6A
f65D7F0f,bAe77201,6cCEf823,a276a59A,3b6FC655,a5782455
4AEA92d3,f147Dfbb,a6E3c4eB,AcadDeb8,FbD1d8D7,E3a6a08D
aE8156D7,B1c99ec7,d5Add98C,59e7ea1E,d0fEBc54,c39709db
39F64b7a,6C84919B,f4D56eA2,e091c3cd,15DC5e17,aD3eb512
c7c6bCA6,Eba5b6E3,4e8B6FA8,a5538A05,740Af80d,7bbD4Bf2
92fA85DB,824C5A76,b6da48E2,ddA9634A,967D41Dd,bfa588A6
842d7cAf,BcD8aEEE,0eAf6B78,DdCE3e79,EC8018d0,1bAbCaCe
93250aDe,74A6B175,dA34F906,D3735fCF,63dbAB4d,738ffB6C
EbD4F4eE,0CBc08bF,F0CcEAc9,cecbc3bE,36c70DC1,d8c4c2ff
7A79f25A,a370b45c,FcdBFAaC,EFA7A21b,A5DA07bc,4a2Bcaf6
aaB92cb2,E91Ca255,b519F2FB,DfE193B3,9F296AEC,E2C3D7eB
28e3E8b2,c3A8c9dE,C198E6B7,0f2225e6,D542db88,7dB8F2e7
A0DD50Ae,E39bf12B,eF0B2704,B83b0714,f2fA1ddD,dE160C79
65Fa0B7c,EB63dfAD,b085B49a,dd8D8e8D,Ffe8f9eE,E5E7B6CA
90EAAAf3,E1ED7E3D,fA56678c,f7AEEB7F,14Cdfd97,278F132a
7A1BBBAB,8F29dBfC,BA5FEb6A,71A893b6,8DaeF07d,Fb8fE318
A5Ea25d8,C5A2c102,dB625bE1,9dDd9fAD,446E2Ce7,dC2dEcbe
cBeCbb89,9B07fc4A,Cc3EC96F,7881EAbA,9EFB85fb,8d34FCcf
c66CA74C,A46Cc65E,BA3E1cFE,fDb8334C,327B676C,6ACAfD92
3a660aE6,05eDBCf6,ec6274E0,E936e573,1B08ED80,5f945751
B4d71B6C,6eB97C7E,807Fe05a,37feFd2B,25C5DB8D,51BAD8f9
05C43667,F3AAA9a5,9e9Cabc7,0cAe1a8A,8A7B63Fe,390EFBDB
48Ec3394,c5cEAAFd,959a94be,fD3A84C5,Fa4fA4f3,b3a2Cf24
53aFdC6a,5A052eeA,bEf9Aed6,Ad98aa6a,eDC6b1B0,81B9f784
06d5FE75,72Eb34Db,4fcBCBc6,BF20e601,bbbbBC91,780Ba4ec
4cd1EB51,82fdb236,137d2eCf,1DE9A4f8,FA5B45a6,02CACE3B
16cee8f7,0EdC744a,1B25eAE2,85a5fB0b,2ced8dFE,8eBC0112
6B4CdeF6,D74291C5,6bacBFde,8aAF18cc,EcbCb3a2,FfB3AAca
372ba32f,615781D2,Aed8694A,8AB7122A,d45BB62c,B6bfBDfb
17D2BF4d,C9DAEfDc,5fa8a2E3,389474bf,4337511c,95026cB9
CdAB4e06,fFDbAC9C,f8A983DB,6d55D7Ff,Cbcfb77D,Bd949384
D9249Ec1,Aa5497fB,8f2a1C9E,F63DdaAc,cf2F511A,E4aFDE2a
F2BcFd25,245b39c9,DC3Fbb7e,C1865C3C,44b88916,Bd546a06
2Fea0F3C,71F5Fbea,0bbfD573,7E69f32A,d32dFC1a,79Cbcca0
1a7D2D93,DBdaAa1E,d9F7DB4B,fCdee6E7,9D4a9f5B,49Be2E70
6e8F00eE,79B81ADD,4a927F7e,107A7F89,10cFA4d7,cB10C4f9
8Ee7B3ee,dFa92Bb2,E496b8aa,ec3810aC,9dbF9852,EBcFEAfC
F6eCE868,B696D4dB,32A829B7,494B399d,cAC1DB64,f0bA8ACc
e17eeb2d,084eaCc5,9738666f,fCd54908,0dB5e982,504bD1BF
49F937f2,BD8D1C5f,D61fA86f,50D7Bf3b,Bfacaa3F,9fB7aDaF
d70Fd17b,B68EEA25,445BFF56,90ed0EFB,bac9EF7A,1664551d
36dCB360,1Bd4DA52,F97563Da,9e21aa0d,0Cf3e88B,672FAECa
Ee7545eF,9F86B3Bb,aD5ff8cC,66508D36,33530E90,8Cf0BAC5
8482586d,3f9De18c,aACDA14c,e53B08dF,A1793aba,642DAa1a
3dbDAFbC,C6aa7aBF,F3B680F1,42E6ca8a,2c576a99,ba6EcD4F
A52EA3DE,0F10691A,F2AF84Ef,913fc8Ec,84538cEC,c5bCd18a
A51fF84a,Bf54De1F,Add8aFc9,Cc8AEb6A,6C44d0b1,7fcea235
14D9a0C9,c8E0C3d0,aCEB07AA,0Eaf2546,cde14BB2,f6Dbff8f
9EaBF4ef,6D428D7e,375FbD5d,222388FC,c69Ea6c1,a976aA7A
20Bf01fa,44Da54a3,4dDf8354,BBEFBacA,Fc58ce5E,09bF46DE
0c234e3f,c51cf994,AA8eb9EF,B6aF20B9,4fFFbCbB,8ca8A1D4
EB107E6A,a3fFdec1,134D61a0,DD7e7dA1,FFEfDeBD,fcD8ed5d
0E3FEBEa,2DeE6d35,2bFCf04d,3dCfEc6C,E67A058a,E1e7BD2f
eCDBf4Bb,c5E079Ad,1C4Bec63,D3D63852,aBC2521f,e4AeE5D9
c5bDE2dF,D4ceB0Cb,dbddadC8,aB2BD0B3,c8a5eb5f,6f5dD56e
8d25bC79,2b6FbA58,77E955D2,Bb7CF9d5,DC33c1a4,46e326C6
df6a1Db2,2CEFC56b,5Ef67Ed9,A3D4F38d,d7ECDb16,abfFc621
Bc0DbAdD,DF11CE3A,f8eafcFC,D41d9543,5a9f90fe,EAa6E23b
FEC65B0a,D84f7B47,5fbfFd6E,b33B90cD,B6aC5b70,C9da679E
E838AF6D,CAF5231E,5eABe62E,03F77Bbc,C83bd3aE,31b3ae34
3aB96a05,ff0b1Ddd,2AE0c0Bd,371Ba686,Ff4FC9Cb,35D7bF8d
7CDb4Fe8,e6BDcD9b,227B89CE,df5aC75a,A7eeEa10,57dfd9Bf
641c6705,3dcebd4E,c52b9208,b3A84cb3,75452A67,aa0fa4dd
c79Cef9C,bECE76a6,fdc00BCc,5fc7Bb6b,EDF8b5f1,af4e85fb
ab6ee6Be,D0d8Db0A,a74a03eE,3De94751,1C166296,ACAb5Af0
7CcaeB8E,f4FF8Db6,F998F2FA,e7e8c7Be,69FDe1A8,7ccDdFEB
2e1B926A,d1ffFAbD,4F3Cd012,fa5662CC,e5dD3C8F,fAC0B2e1
DABeE7ea,CBB08D1f,3F2A22Cb,FAF3CDbC,cb5EF146,d3CEBfDa
afb32aaE,1d5a4351,d89e5A74,0038CcBc,Ca7FAB76,C855301B
2E715dD6,5Bb4F327,f66c520B,f2c3DF4A,ef91E26b,8EfB7EcB
7F67c260,edD6bdae,3D1f5da1,DBbbdE85,1Ed810B4,93eEaacD
0cF4Ac19,dD8beCd1,4afd2E85,bbcC8A93,BFCA3E54,fE211CeC
DeCb143a,521cEb58,F4f1EBfc,ccf5A894,fbA926D1,Bd1C4A5D
52920FaC,ebF9CA74,DC9A1BeA,d2ACD4a8,F69dCECc,1b6FFe3e
6dbDe7dD,1FbeD753,bb1dc9a2,Ef8F909A,ABB1e6C1,1EFD7abA
77c6cE3A,67a8bC54,De5AD85e,baa5DDBE,C051AfBD,498Cdd77
eBFbBE36,CCB7D676,ae97898E,cfFe7b5B,b6ecEb1B,bF33adeD
eAa476Fb,bff57B6D,4c0b2DFC,5025c1Dc,fb05986E,2e0AAF12
979f8ce4,eBAb116E,510Ea6Ec,dcFaDAD5,E1744a7F,1afa3C01
1fbCFffA,a7c8dB7e,A7BaE4f9,47EbD6fC,eFdb0db4,9C92A1D8
d3BAB5DD,9FC0d1bF,b49B801b,AfDbBD7F,e2faa2CF,f7CF4cCC
FAebD9ad,E84ffFcA,1edEa8Cb,bea69C64,eE18Ea8a,f0bfcaA6
26Aae40d,aE535CC7,Ad5BBeea,7bbb0D4b,3336a3E7,56E866Cf
CEa609AD,71aE5304,eA2F1a2d,b09c2844,c9FBaC86,1Ac1E112
D6c3f8Cf,f6BeE2D6,5dc6A87C,Db1Bc6C9,d177aBC3,6EAFc2aB
Eb326acd,6dd7F64d,c4Cf754A,70fD783e,2Ccb85bA,5DdA2D6d
dbbDF36f,da4EB5f5,226B42c8,e4dbEBbf,DcEFAE58,E1bbacEa
dc17CeCA,C21cb3a9,B1975cFd,1c0e940D,CCae8c6a,404fffAe
4bef97A6,be49c8A3,fBE4031d,67DffF25,Dab29100,F4a6fb8B
186273c9,e62D9A9B,de80FE4f,24ebc9db,a71bE48f,58eDd2b0
d04eABfa,d3cbC1A1,DBBeaD39,A5253a3E,cBAef262,bF4e18dA
0e3b4FfD,a7aeD316,B7C0c02D,869FaC6d,C8Dc5D1d,E11EdcDD
FfEFDCD6,ACB612a9,1Ea5BaBF,36D9ad7a,D7d68a55,E418CcB6
bEaB231c,2ACA833d,A5cdEFb5,BdCADCC9,48Fe27f9,C98EFF84
4B3Da9cc,f1AFCAB0,0EcAC5Be,F84b3d7C,b18eEae3,bDbb7e89
787077Ad,b2A4d468,c3CbfAe8,dE17B3bf,9Ffd7Ec6,1810fFb7
23AF5dA4,abfEFb25,98A767DD,b16EcB3c,142fD5d6,1aEd71B6
545Af151,738ad186,aFd5E29F,42A4a8f2,9E1f86E6,aaA09bA5
ff909aE0,0a8A5eBf,1e3B6BAe,1e1C11aA,053d75AC,e87F9A3e
Aba734a0,5fE16FaE,C2CAee7B,5b85C1Cc,C8ef3cC3,44DcFDfc
5bA218be,4cA16d79,cc6bAE60,1a4a7Fe4,b96b7512,7CBdCbCa
0ADDAa52,B2d7dc4c,AFB7fA94,0C043CDF,9F40Dabc,7C925d76
dEA3aadE,92Db4DcB,3CA00d3F,436cdDcA,7D0ADaAe,E66aaf82
FdD51281,Fcf3f8db,Ce4Dac3B,cE8dd877,ba67E8cc,CcAcAaa9
F2B25AA9,Eb3C21Be,cCdBDa34,c921EaaE,b33D066c,b2254c85
c9d075B0,0bdDaCb9,81bfdB3E,AB6d9840,5dD3538d,ADC18eC4
9257c1f6,eE0A8f53,aBf5aFf8,a6A4bdb3,54E4eE26,BC3DF3C8
C61Db692,cadBd76f,39bC925A,DF59f9ae,FC3Ed55B,F3Ae3Cbc
c43C00eF,E6Da19b1,C65D3c2F,7B7debcE,0fBDa4cD,CDba7dBC
abbd8968,F80C4c2E,E883d8Fb,dB0e36fF,E92D7005,D29Db4A5
4E86A90c,747Ef0A6,7CA69BEb,CDA0f8E8,B9b7BcC4,33A30A55
eFAAB4eB,cc7E0Cc4,CB25ace8,5A4FC2C5,4D2AcC1F,8aa7457A
e0deCEAD,B97a30E2,FeAa0Dc2,2B8eCe03,339Ff6df,6E4C8d7B
aaae89ed,dccedb5a,606DE2Aa,F0E68Cba,D417EDFf,75CacA28
Cf48A57D,AFA5B20A,D6947B90,a2342BeA,eeF26871,1B537D6d
5D231d7b,8815AC3E,9172B00C,a1fA83af,Ab036FDa,9119Dc9d
dE1Ebf25,bb38BE0c,BA0A6a9a,eA8A80f2,2A9ADd2b,f614CFCa
5C43E3D3,C3B2d8fc,12b38263,f4D40baF,3Ea1A6E7,eceFC9CC
a980FEBB,F3F2081F,CC049265,88E1acB1,AAC1516d,85cd045d
03f2baBf,1504bEFC,59C64e46,cf0cd636,AC11e4fc,fF4Dc1eD
D6f1bA2F,220eb432,F71DE2bB,F0dC0C2f,E069602e,B12e54af
63A3AfDb,CCcbfDEC,ABDc90ED,0f959fb5,C2fE24cE,aa48004D
ff9C0Cac,d5E4DC86,B27dF20F,D0a09Fed,6C069b4C,A2B3c670
21FFBF4E,8fb4c3ba,ab4952Fc,7f547D1a,40C7D2eA,ADb21E5a
924DD8f0,5779F33B,CCdaa5e3,BEEfCa4c,335fDD7d,c55dA4CF
994D63c0,CBaaDae2,E0E68251,dDb9Eaaa,dcB71ee4,AaDf5Cc4
c18f6aCa,74eA2f90,ACf415DD,e22dBfda,5AB9992C,Cb176FCa
aD79d694,d19c0f25,2a3a698E,cBadfbCB,D81E8d83,4BA67D1e
5DB969e2,f0c83D22,6396FBc3,bf8CAF18,ddDB9E38,1Af06fAD
ABeCBc56,AFFbbAb2,E8BfE75e,D33afdCA,b8d4d5AF,F16DE6aF
0BE2cb8b,5DbA19Ac,CEE1cE19,8F8C3bea,5105b363,12CF0Bc6
CDBaD973,c60Cab5A,A4ec7890,449Ac702,fEE2d76a,9B9280bE
1B9C229C,5E93E16e,4ebac51e,9cBbfd9E,bEc45F6a,Cc55732D
4CbdD8D6,D18ddf7e,CD2B63cc,C72Ded3C,8bfA4DE6,07Ff139f
5Eb9BE7b,54Cea1f3,06510cC6,D19A7b6d,CD001CeC,f93AD6fB
20F2fB90,aa26166b,FeA61002,E0ef4C81,bFA13cB2,840bc8BE
B35335BE,5A052f78,6cb81CBf,0cdf5Fe5,BBAadCA8,C07fbCeB
37EC8C5A,5748Dd51,3FF56B39,FaCab29F,d4d11BD5,bdE2a92F
2432842B,16D8EB8C,8EAb2622,94Fb6B2E,8C056f93,4f66E1ED
3Ba6CCaA,5CBaEaa7,Ee7c61eb,C49Eae05,f9BE4dBF,B5D3bAe3
E169fa3c,68b1c002,6bcd224d,aBD9e55d,B418E4b7,A5fff8Cc
ef36B550,2c93a806,788930fe,C8bE6Bf8,FEcff82E,8c92bB65
3e37Bf65,71353d34,484E5f31,4DFFaeC7,20dF9cAB,fFaeFb5A
72f2f7F7,Dcf91b48,B7EfFfB9,F1C3BfC4,0a2bfee1,64Cdb3d1
9D75c4fa,d8D07F2A,c227E0c7,9d35c4C1,2eBd3B5e,ef570D6E
2084839a,87C17Fc9,1dbB035C,f33dCfED,B4Ddc0B5,E6d4A58d
1887edA2,f9Be7e4A,89f29D3D,2C2173D1,3aA80B24,f77Cee76
DF73dFf0,bbDDAB7b,2d9FFEA8,43E5aBFf,d0e267BF,425FE0D5
DeaAA6fc,0bCcF9dA,FDec7e5A,8c818D1d,FcD8eBdF,aAA93B62
D0e75149,E17d9BE5,87F2a02d,28E6BDAB,FF7979a6,df35a6Bb
AdBbaFb5,759ae6eD,c1e32F44,dA7F9A7E,Fc799E7f,9d6da2c1
B39Cdb88,5d3c3Fbb,6fE7aFFa,8BF9ed8E,aFc502dF,A6Bb11E3
8F8dbEFC,6f66fc23,ABd255eB,90C521D9,e678F41B,41ED8608
e42DB2a3,3b8D02A2,0cEDBd8d,1d29Def5,6c1DAF07,0c0bFbAB
c0d0a7ee,ab225dfb,4c68D8CE,Bcf95Bdd,8Bb8e39b,49b70EB6
D0Fdf550,EAd6B7d8,caaEFeF8,80Bbd0b2,64edCbd4,8453caF5
eaccE1C6,45EFF4AC,5bA1b2A1,D2dF70D5,A8E3fF43,1D4ee007
9d3eBFED,e3CF7B43,67855dCB,EE6996f7,0Fd1608C,Cb95bb23
5b77136C,3A0DD0a5,dBEA0D2a,56Ea38fb,eD7b0eC6,EAd57D6c
e35eAA12,4c18cDBd,9Bd22aB8,bB06FAF5,3Cc7aD6E,75ebd1E1
cF3CD5Bb,1adCBe57,C90DD2FA,CEbF74c6,e465ecF4,908356c7
Ffeb7520,4D8Fa0bA,eB6bc0B3,eCAE7af3,0bdb0C1A,fFD96F27
6A3Cb039,7CCE3BB9,aAa2fA62,43127aAd,A251ebad,a57C6c39
C14D9E73,c47A18C4,2468C0a7,FFB25B75,9ABFCE7D,3F377dcE
e427e92F,4BEbCCDA,F185a0DC,818a9bEF,2090258A,c07BBf54
dFb6be8f,8Fc4F0dB,d4429CaE,C2f64b6d,Af3d726a,A041D2DE
Ec78818C,3A4c78aE,81FE3AF6,F2c7beF5,0Cf9be39,4ab89eaD
4CeE5b17,8Eec30aC,d75E4Cf5,9B24dD54,8bead9f4,F0fBBEaA
bFF9C9F5,e797339a,Cf03c0bd,7AeAaD70,DEE8bDdc,df94bbAa
DF5A9919,f51aaBCA,dD4eEfD8,dB9d7b0c,aDd8a1b3,Ad6fDEb5
C21ED5f3,DfDb53eD,add99a2C,e768E8fb,5C2804Fb,Eb2e3dBD
36d84f50,2BcBC994,B953fDCf,6f670e8E,124C946b,AfEBEFA2
bD13e5aa,e2ad53aB,76E85b69,65407baE,AF3E7A41,F66de18E
9CC60dBF,fEF44f90,a2B9938A,3DBABde2,4C2E9DC1,7CaeE9Ea
c79CD3Dd,b63F5eEe,fCAc4ec3,761271Cd,89e9Ec94,bbc8B0A6
E4C1DeFa,b5dCB8cE,E8fAe786,6af6697e,abd0eBe9,CcFC5DeF
2E65EcdE,1e75dD9A,Cc8861A8,d6254b1F,e30fdE30,a52DccDd
13670Ffa,C1294e5b,D7b01Ebd,030C6eb8,ecBf0135,d94Ab919
2dd2eB2B,ca8bDc62,aBDFbFE4,6257dFb0,6bC94437,7ca540bC
42A8Cbf7,8eFfaC3c,8e58EeD2,a9e46F1D,4289971C,5bEC27d8
d4eD97a6,4f52dc0D,922351F9,884b0cD6,7dEEB276,dB739AaF
3a356DBF,1bEf909e,55a2C63E,daBcAB66,0dD6E38A,BAa2fe27
68EC3cfA,9bCC5A1E,AABa3380,8d4616c9,edbA1f4d,fCc404De
b0d559A6,Dce8BfEa,AdFFabB3,0DE8adEA,c3A2Fb55,0E2d1916
Fc4e6bD1,2157a3b7,EE140ECa,46434fEb,87D8C0CF,DDeCD0e2
a6b7Ab33,Eab15Dcc,12ca6F43,Bc4Aa2F2,CBf73a5A,58d344db
01cb3aCE,EBfe408f,52686235,cd54Bad2,D7b9C0DF,4ddae0aD
18E44FB4,0dCFEce1,0Be6424B,ACF1aBd9,F9a8A62b,D9aDA61d
dea64f4F,DD89dEEA,03F69b03,7eF17Da8,BCC7262f,2177c3EE
E82CcA8C,F6c6AfcB,397fcAfE,7cD94470,e49b9c79,C1fD818B
79dcC0B4,1C4A8E7E,E8Ad56Cc,1dEFcE6f,fE1ADFC3,3Bf45C84
290ee1aB,AF588Cb7,Ae27fC60,9c2de9e9,5cEfF301,EBCd8940
adc2BBCC,c510714E,7Becb611,8aE02eD2,4bfdD8cA,1A744De8
9e2b3fcA,aEcb0b9A,0dffeB25,C0cF2C0B,EC72da31,3fCc85c0
A48e8819,928Ac39D,8834c429,2b294aba,190DcDcb,bE2cF228
d0C5bBA7,0CEaE4fB,F6173C3d,5f50943a,F7cF7a07,d1bAeB66
D0950cE0,80fdFFcC,4Ea7F170,bdEC42d0,516A8Fc4,12c97691
31c505ee,b00FD245,CAa183EB,67ADd9Cc,f9CfDFaF,dbAcEAA1
0Be741F9,21F0BE93,70025E89,ec018425,bF6cBebc,ffBcf0F2
d0A6adcB,45f80d4B,8afadd67,8DEEecCC,A31a5b69,fcbf0DAF
2AdFb7cF,f37316E2,Def4D1AE,FE6dA7a2,25f4B6eD,Cb4D0cfb
CD5ED57A,9bf06445,Ce2B0EC4,19b21dAB,DEF9111E,CCD11b8d
426A9F18,401D4bdF,634F339f,fA5BfEB6,29c8A4Ae,51A751d4
7fD74b72,CdD8ff52,9D58f64C,a9cF1F7b,D3eF7a2E,d283c94E
12eCef6C,f0a42a2E,0Cd2aFEc,63B1ee2e,ab3Fd119,A374358D
68df1A8A,bacA1dCf,4df33aE4,EE11C4eB,5A8bc4Bf,047bABd8
35336811,EdD2c400,a2ecC55b,08BAAe05,CC54BAaD,DdCDFef3
7FffB0F9,dDAd89ed,97bcf4DA,C969b3cD,AbaE48cE,d2A99D84
C3216DeC,6AB0A619,d5EEa91d,cED19EF7,fb2D3f68,AB7f642c
1AC9a6Ca,F5Ed4D1f,780AeCcE,98176BD9,8Fb1b794,0A7EFE83
9f7fAcFb,bAdb20a4,dDdf44fF,bfAFCd1d,eed1AdBe,7c1111Fe
7f27CCBB,2bA8fE07,eefbBF07,65296541,F4eb29b7,dbbc0E34
2f60E6a2,26334a4f,CA186Ebe,bfc3B7eC,EF0f29cE,125ad36C
FAc7FBDD,7eC6E9f3,8Ad0B037,9FfdE965,24bC42c4,acee42C7
eaa762EB,e9C6F81b,23AbA6AC,e8db5c08,2eAb4dCC,6d433a08
Cd4Df2FE,333265bf,Ef9a99aA,F9E8BFbf,11F892A1,6Fd5fCcC
2Cf5FB83,AEB83c6F,B9D9fCc6,daaAf9cA,EbbB89F2,32ea3F5C
1Df38a82,daCaF6d1,a9356F61,27fFb4F4,4fa10302,3f29D612
Af7164e4,2c87Ac1A,FCD2AAbb,2636e89E,eE848a2F,84ED47d5
Cb829E57,9FF007c0,fD9D8A34,E22e421e,4f4efD05,D2B4F976
2a9cdcdC,e6a459D2,b9d5e9A7,faCe01B0,3cbEDDF4,2A3d6b9E
dAc1dBa7,E36bEB5A,Ac90C2A9,B589b811,dAB14CD6,b85c73fa
9c8aB637,deCa17DE,dDb7EEDA,CdB8Bfbc,B89B3A5E,36977AC4
B7bD8f89,A4B70A0f,DBE2B664,4F1CbDB7,ecFFCC25,Eed1BEDb
3C1eCdcf,D7Bff225,10F1189B,38E32088,3dbB5736,1bbd1DAC
da3281Aa,265A613c,4f39Bcb2,BDeACB07,326eb29d,8d3BD1bc
Ed279BBB,DdAD7E7C,179D5351,bbbA2CB8,c6a3eD2B,CA11BC01
6cBd538F,76A58575,AeB1bcB5,86Da3972,F53bd3Ac,AAFF2fFB
5c53c91E,fc2bde6D,DDC92eEE,bdaf7fEc,aDB9EADE,B6Eccca7
DEDddAea,A3b5fb82,DBbBD434,edeb1976,FFABaA42,4d8d7777
34C06cfC,F8BFCD41,782EbD72,A0eEc951,faE4055f,Aae39BeC
C3409B50,570eB7eA,CF88bc2A,FECd4883,2A1abb9d,f08cbAa4
Ff19d48B,B94bd5dF,fe4FbbCf,8D7B6F57,ceCbdafC,9B21BbeF
691DbF35,9dcA0AD6,33A7E4Bb,6C5db032,8f6bE53e,2e89Be72
37e28Ad0,d7e36cD2,Cf1EeA26,6f9de0a2,2Ac5d9B5,E2Bb72AB
1Be89Cb4,e2211f5c,dDA62DA4,ebBD8DCa,2A27b3D8,FEf02C1F
ADD76D30,E6BaAEb0,d839C3De,ad15F8b5,E7FCbc5c,F99A0cFA
d0bF48E0,a1604fb2,E160f627,abDEcB18,fDcADE86,C13E2cF3
EDf52Df4,BCCFF5Cc,7B3EaB5a,5B9Bacac,ce9CF5b4,672beFDd
4DF9ddB9,E8B4bC9d,0271e5eC,d6B53dA9,dFf6de3B,AC95ad91
6adbFBf4,dbf3bA46,10656F7b,a5eB05a9,7eF7ac87,f0ba375C
C28A8Fd0,B60bCEc2,5BF03B76,89E6ad1F,D985B3b8,B2ecDBcD
3EdfAeBE,cE37eafD,FFfB5A0c,77742AE1,bCAFaF1F,F30C1822
a65eD693,42E77f11,4d0fcfFB,74c6DAaE,eC89E4a3,4EFEBe28
aB2bEF3F,4CB73CCD,209eaCF8,423Aa7FA,31A2BF22,aDB3e9b1
a5295120,78dcCa42,34e79Ea0,2f72f65C,9992bf5e,A531cd4a
AEB6f01D,854AFA4a,95Af1136,0eDeba14,ec11aC1a,aF91DA91
3b3f96CF,85Fa650B,e4B5C644,5e490DeA,83B08a59,5cb99f05
A8C4d2De,a5FaB390,2c764bDC,358dd0BE,FD7bFF1e,C02C1b58
E197d690,7B8c9dCD,dD348CE1,28F2fe77,Fc3e4c7F,56DABEeF
17169d1C,Cd2e3EEe,3385F91b,B31d36fD,a725DC1E,d4A573FE
ae5B6bCF,6CfFfE93,F74DCAc1,3822EB62,FDd5c3ed,Dfe13B8e
dbdf0630,f7fB1EfC,D87D78be,AB4067FF,5F210Dc2,867CC1fa
Bc7DA3BF,Eb29A5bB,26fE8904,837dDbe0,1AF3Cbce,58c5Cce3
7aCD91eC,cde3c5ee,4c1E4bCE,3dBb6c79,85bCAd8F,AC660e2C
e788628D,67EaBcBf,38d1A72b,3baF85FA,3b357Da9,865Aa4DD
F5A4a0bF,A3A8ab5b,4b1bB9Fa,95D7BBe9,57965b79,E6CBc38e
F753b04f,4DcB09ad,25Db33FA,0cBC9A57,DeE4Cefe,Eba5FbB9
F8087c4B,ec0869A9,a8D974b0,c5294Cd3,f2fFaac5,f0f07500
5227A6Fc,3889b1Fd,2FF0DD5C,8369f8Cd,4eff87A5,8aD1fDCA
8f5adFCB,7c12E5Ae,09F12DeE,2c5e65A8,1eD70CaD,81524367
Ad3CAF4C,bF65b43d,15eFF31A,4B8FFb2F,1486A7a3,eEaA11F4
79C52C2E,9CbEC2eD,8685B372,E36BEeed,a840dFaF,fd5b03c5
9CfD6ED4,79625b77,7aF9Cf3a,13ABB3e5,4bA9abaE,C3f6FdDE
bAE7e1d6,fE8b15f0,85dc4F7B,dE7fDaDe,A01beCFe,9D377A9a
1b1a58fd,B06cEfdF,1B05ba91,814b3a08,5a5Cda3C,B28b9D67
96aE86Fd,Fc0B57f6,0718EAff,E06619F7,171bADd0,cf5EBaed
E2b55Fbd,daee24BB,2E8ceEe5,7AcE7A57,fd8B1545,F9dB7bc6
eab2956E,2B791a0f,Aae20B5D,7cB02e5F,415ae7D2,Eebf3c7c
b4dAcE6F,FfAA68FB,EDF49cDf,DEeBefCd,C25dEefb,eC7E4da0
9396eCaF,39F1eaCe,fe58e5a8,67e1de9D,8D1BfdBd,EB2a61eD
b549dA6B,DcFe6c7d,7Cbc67b5,adFD34C7,d6d3b8Bb,dB1cebf6
d68ABF7e,EebAd63d,BD8f37de,BfE3dfD3,BBD4D5B0,9CfDab8A
a675b1fE,8c75B0B6,3C3a73DC,bA4035B6,9A241f9C,D76E978a
A90AA0e1,12D780C5,0E1B19e0,bd2AdA07,eBcb76A3,72d2CcDC
c9FA712d,780bcacc,E3bd931E,e0638E98,Ae8beDab,CABAcE60
EDeECBFd,a6F3d7F4,ad297CEE,2EFf3994,bebbD3Fb,0d49fEd7
Ff2Fda9b,1344Fd99,f8c88AA9,4D89E296,d5E1927E,1Da84b9A
56b5AB7E,25086e7d,F0c650cB,Cae2fD9d,93ED182f,4d40f362
01abcEfa,De42F842,ABcD5CCe,c607359B,a7A478a8,918a8ac7
56f29FBb,9aE1Fe76,dA54b264,d373F4cb,17400b29,48c30320
ad4f4a73,afcbA2E8,Fa5272f9,5D2aaf1F,E0AE54fA,1eA38dda
c724f8Fd,b9D36447,4BDa09ab,F0DBDfdf,63Cb4e55,bb2cE56C
cCdbbCe6,495ee4F0,09DEe17f,CEC206eC,77dBACEB,ffC5f563
1E93dbc4,bAeE5cb5,8FBEE7eB,331fDEDD,5fB64ECF,5BCbC6aa
8B972f1E,dBEB9Baf,018D7c2a,5BCD5E5f,2cBFceDa,CDA06a19
cC4ecb3D,DCf7BF6d,ace1Ed5f,8CEc8De2,237Fd150,0234f93e
5C97628c,5458ff11,dAbC7C8D,1548FA3C,BabfB32f,bCc3BA3f
8e777A42,0D0C5728,E1A0Def2,c4ad2FCc,bD7Cb62a,DF7f098C
178E9Ab6,eDdAedc5,04f5D9D4,7EAD19bb,f53AFc65,C356d967
03CD07De,d6dcdceD,1898d6C2,DbB67DEE,2D3Af4B1,8A14d0a8
185AA3aC,09Eed6b6,EaaAABfD,C50DE432,eE8dfDEd,fc9eA67F
CEf1eB8b,8A74Adee,6ccEa904,dD457afD,4cdAE3Dc,77B8add7
bD4fC099,c26FAeFA,FeDB2EDD,Cdc4AadC,edbc3aaF,265b2fd7
AdB4B106,ADFD8fE9,Af753f8c,6a739E36,DdC9ac40,73df2Eb4
842706Df,ccFEfCb0,17F8c049,a3C87C9B,c61E235D,686F095c
CFCC0FfA,dbe334CD,9b5375fC,ABfAeDB5,9FE7C4f5,ED0Ae8bD
dD01647a,43c5298e,2e7DD890,0e74B7cf,4ebaF117,edBd2BbF
899AEDd7,FB32f911,39F59c2c,13D90Eae,971641e4,5f8e0BAc
F185CFAf,61e3C4ea,1be1DAA2,A2eAfAb9,ccADC698,84E75cf5
644C2aAE,d4eeF08b,eaCfa7dA,C2FBBbaF,84cBC7f4,5b82dA10
bd3d9c9f,7B718dCd,7a4582F7,b4B6F3B6,EC1fcf5c,1Ee8D574
be1303A9,5f323cbE,401b4D4e,5B06Bbc4,A1e16ef9,0fCa9Cc7
ccB0bDEC,0b70b0AB,1A8f4AAf,cC727946,cc4aea4c,D96eB8e4
915FC9F2,7AEC843B,5aaF7e7a,71292dE1,4eCa8bbC,cd7CD6Cf
5Fe8acc3,7cffa43B,a3faB58E,a4A61bd2,e38aDC4E,d3bCeDd6
6d1DF1D4,FEF3E90B,Bce0C1bd,aa8F43dF,c714a5Cf,1f5cef2B
19FB7Cf7,dCb99f51,faD8cEf0,aB7f5ebC,F8258Ffa,e42c0D55
eFF1aaDF,A02DC277,3E8FAfAF,Cd880B4A,07e7Fc4f,2fA089E2
fACA8644,45cE12CF,CDCEbC82,4dDc2FB3,9A0eFf6F,aeAFE0F2
Ec3D7638,53cc4Ae9,cFCd5cFf,dE4575FF,10CaA7dC,Fb9BbB96
7B4AEDCC,346448a7,Fd0dd8Cb,c23bBec5,ea352F0d,F63CdBfB
6cedfea1,210FDaAb,3F703b8E,A09FB43F,accf96B2,feCC3813
a97ddEbf,EC95dE4c,501fEa76,40dCaDA1,b4b17aCf,B60149Bc
66aFdDb1,E9Bad5F9,2511D7ED,7A1c6BC0,93f3c1B0,BcAdcFA3
bb8A050c,aFf19Eac,C0D87bdb,F17C8EFa,aBD37c3D,4EeB4EE7
c2A6daAb,10d22b1c,4BAB7a64,13bcD611,9844c095,F8e2C7d7
23DdA0Ad,60CFa0f5,65ffCD78,F3c5daFB,52E17Cb1,3Dee86e1
6d60a6ec,8BfC5d1e,cAADDbf2,DCDDE8ec,B5eEADec,90F0BD41
C97b0C7e,2FD70b8e,785aF0C6,3ADaEbb2,dBaF8bED,0a3D8Fcc
af0A0cC3,1d4B68B3,c3C7A1F0,Af71c673,0D2dD84F,fCbeebff
7C64eC94,c725ABCE,EdD7Bf7b,37AAFB6D,aB072b55,Aed26Cff
8FcD3D30,265bbc7F,151150e4,Bf8452A5,cc37A50D,7A012f66
edce91E4,A09d713D,f9Df6EF7,7aD3Dd75,6AaaBFeC,37eBAe64
980831Ad,eDADc4BC,e44C0df9,d4c3B8a7,EcC04A21,9b80F12C
5FDcB19C,0EDb1fEc,ac1f0472,A68F7De1,eaa0DC59,a1f8A7ED
2f466B3f,c927EcDf,5C04cC9e,f8f1Ad5d,CC4B2fcf,FacCbc83
fEC17aed,67fcc2B8,E79FBb9a,Ca1AD591,86920ABb,56EeBd0F
0F69BA5a,3F5b9D3F,B014c64D,CA7f0174,65Ea0c3D,bddA6DDd
d66923dC,55acb4F8,FCdef788,66A9F40D,5eC7c2b5,F5adcC3D
11FE69aC,EA33CDA4,cb1AB21c,6Fab1bc0,43A19Da2,aBcBEdcC
7984C3C4,a5e0Ead4,b79fa3D4,eB2fFfF7,7ABd95Ee,9e6Ef547
8ECDFCFa,e109b2E7,f389e0bf,C73962d6,07FecBDa,AB0dAAee
E063317e,43585f5c,15CCee98,C2b8558d,02D396Dc,28f1ead3
a5c6B31E,6FAd0FD3,FDBD81aA,4CaF0Ce6,D836beb9,5f0Ac48d
e9dC324E,D99420Bd,f1fAe1D4,f01240ed,47FE6AEC,0b289eC7
bd258029,b8C51e56,743624cd,0a5Fbbe2,0Fd0bC46,1acb7510
6AD7FDF8,9A89dFF0,d341c4c0,686Ea4cd,cdabe86A,F9DDE12c
a04aC59e,0c54b5d5,e1Fbe4d3,4aa8CBAC,6B682f81,81b8adca
CCE32A8A,1E6aEcDd,4397CfB3,c0A9e09a,8F56AF39,b0C03cAa
fc5FDc6F,4FD80B9a,fDda57C6,830c2E23,4EfCcF9d,2E1DCE7b
17af1406,a54d1BDc,DE0Ba00B,5AE2cc7B,cec624F5,e3d1e8b8
32D1C86d,4Bd5C0AD,AEbb21F4,3fa9FE21,8e6B8F18,bA1E83eD
f05bDCBb,F9FCC4f1,EFB734d5,7a7a5e9C,5b030d8F,743A60E8
a44Ebb18,2DfFbDb2,b53d72D9,F6AB7b21,3CBEa20c,2284B95e
BFcf25Ed,bDCb5Acb,4cbaCfc9,2E7BfBab,bfCa06E9,FAeb8ECB
7FAfA2b4,BCe33BD9,7DF4B9e4,D6Be80Df,04EC7DE4,19098A5d
2fE5A92e,D3cCCBC5,C2CeD79A,d81DD54F,AEfc561C,C53A998f
475Cacde,5493c71C,89FC83A3,0ac88CAd,f3cE586A,78dC080A
bff5B071,6Fd0AfB9,b7fcEBca,e724a7d5,F81924db,Efaa5aA9
ab6E38C7,16Bdb5B8,A7B3EbDa,fDDF90Dc,a8cC38fF,D7dB6B72
F0CbdCd9,92ACee8f,15C8eBb3,94eADC2B,84bD0C02,eAA12aD3
e469a51B,Bb52408a,c89bEb59,5A22300E,Ec4ABcEE,2CFF67e5
8fAdF0CB,dB5babf8,DF4Ba14e,02d2b7dE,16fd1A68,d6d581f1
ec4a0f6E,9fdF9CD2,2c81c229,C89fF127,C036eD7A,ca5fEAEE
5784BBED,A2EA5BaE,6BDe5b5a,168c3ca7,C02dEADe,1f04dA4d
6DD4FA7E,4eFaA066,1cDeA23f,81D5bE7b,9A077710,362396Ac
A4e03Ff9,Eb8218A1,ccCaffDa,6Abad924,d6Bb1CC1,7B6d57e9
Ec0bF38d,64FF4dCa,9E067651,1cb17F6d,FE3c360b,d3d38b9b
53a0102b,fEAb30e4,6A7F28Fa,98BA14B8,BD262BBf,9F9731f4
566efbBF,f852cB39,434B61F0,5ba540D2,dAF83BAd,Ff45A88b
907C606e,5FFd32B2,1E99E7C3,1DA4D0f8,67AFFbac,dbaCc529
BFDC8B0f,c01783eA,c8543fbB,45adA9A5,33A60F4F,C11D06AC
CFD2A7AC,fFB357F6,fBcABc90,EC39847B,B4220681,212f2ACC
a7B0cceb,0b39D281,A9334cBa,D1e75cD4,FEb6B8E5,bCFed5e5
Ac0C5449,8DfFeCbD,5C8f9Ec7,587A3Ac1,FaD13cC9,C5c5DEE5
e167fFa5,fe6709c1,BEeaEaCe,E70CeC23,c0c895Bd,619a373C
6166fc70,A87F6aEB,fB1852B4,B3b2eCED,3BacaFcc,F3bBD0fb
352cbeDf,3E7f9ABd,E1d2FEe3,cC8dEB68,FEBa1E47,78275e45
Db71442f,d95C3acD,78AaDd1d,A75FD8c9,dc2746e3,eF338BaB
aAdb18ef,eE63Fe8B,cBFbfd3A,Eb6b191e,C7bC9f4F,fD0891f0
953bD6b4,cD3E6DFC,cbAb5Ab5,B9DdD06F,4cd0e1e5,7e5B77f7
35B2d1BB,D9faBF17,2dC65AbA,BbA00cBC,2AedAD25,c770BaD6
e9ce9529,0CCf29ad,75cBd4c2,81B5C1C3,845fAdf3,dCf1923e
F3B49EBD,B79b8b7B,9df0592f,ac125eeF,01fAdE19,eAFbA6B4
7ABF58b5,769C6579,332F38cD,5D22f28c,BffB9F99,273C618a
Af62e3C3,f1b44B39,5cdDdD6e,2efb77DB,0E86cD1c,27a1eCB3
dE8538f5,0dA1ff48,f790f87e,0D85E5c5,5EB61a92,bE67bb6F
aF2c72f8,aA62fFEd,eFfD20c3,e4cA4E3c,e3C1652C,35AdCaaa
407B7bE1,24Da8E4d,Bfb2D1D3,CE13Ecb7,D91bA015,AAdA9Dde
91bEdd15,3051Bdb2,FDc1C55E,64289CEF,11c2CeDA,d0F70D1A
57e845fD,F33745Ce,C44BAaf5,68242cd8,c6CBAd93,B0d4d7fc
180B0C9D,7115ceC0,EDF8feF8,d641CA2b,cddBAE31,8Ff0FcE2
4D6539E4,1De0EAC7,27Fa03eE,EE2a9dd9,BbE7DFdb,7D3CCD9E
CD2B9A50,1FA5F67B,12fD7eDc,AFE464A4,48Dd383a,3f9D58bd
C2A9E40A,8BDeb635,1dfDfda7,3BB78cAE,fF5a75cb,c7E03CcC
edc1f3eF,7a4A17c1,089D6Fe3,b63903Ec,b13827Cf,4fEC0Edd
Ede9F66D,23ea1BCF,44Ac5b4d,6fDB249e,e9bBfbbE,6CcDb01b
36DEcFd6,0a9aEe06,B61A86FF,07ddaF7b,154F9fcd,aD3Ff9F7
CFEaD7fd,A903592c,7bA6ebE7,23cDEcA7,96bf37Bc,d9fBDe4A
e3d61595,0d585E4f,d78ac9C8,72CaFA91,197F92cB,7fC523F9
9DCbC7fc,81fDd27b,2cA62Bb8,D4433c4e,1b4b852C,e0285f13
DEe6d5C8,196fEbEc,be7A8996,fAe2b00A,4aFeDCBA,fdFB1dD6
adECbFDB,953c64Aa,88dfF6ae,3b0Dfa6e,D3bbF3aC,D2f9bbc3
FDDAb61D,e644a55a,CafFcbBE,Ecdc1c5c,04D299AA,d2FEDD70
93Ac4f54,34CA3aEB,AEFEAE0d,68eDAfDA,60EAb33b,e1D6d423
B450Ba71,e7BeFBd2,d3dFF587,c94d9C2D,9f1F74dC,90C85cBa
faac8bc3,67dDCFFB,5bF3CdE5,F6D5D2F8,855E705a,3Db36337
6BD71ab9,F98fefcf,DFb3DfAa,fA98881E,e5CfAcEF,A4cAd95A
5445B5A9,a08bd17C,6cDabaFD,96f6E8eC,3c69FdD0,E3c0BFd6
5D2E33Bf,6b20cff9,BB810C2C,aE23Cc1d,b1B2c4ab,3FF68c1A
00a3dC3F,a5D6Ac46,EDd6c82E,0eb73D74,DFeddCb0,ef31D0c4
A4aCaFB6,d2d192dC,bdeA2ef9,260D9a8a,078a56fC,A392B1df
AB4f2fBF,F2D73ce7,0fc8d54A,5eAF16a9,351d9fE0,Ad2C06Ae
119BbB7f,5bC01abD,F0eEf78e,6FEf0BbE,3399056c,f1d1b1E2
d0Ad36c9,345Fd1dB,15ECBF67,4b104E59,E6b9ceD9,910f24FE
c72e6Df8,eb41A8DF,30f1AE6d,B4D04fb3,8CdE6AF5,fA965ECE
CBfF9F91,7c574c6E,e2DBBFC6,e4f8bae0,5Db7eDe8,D2B8aD7e
CB7a2B6b,d3B8F16b,41F1ACd6,062E0C93,98Fdd5b9,aD85DBF9
7D4C9aCf,91Fc41E9,1D00D360,3Ff9eE2A,e6CeD0bB,1Ba0fcb3
3AD7F4FF,f83aa9be,13397c4b,Bc1A4b05,56e264db,BEaa230c
4b5Faa2a,f4160A57,aFdA33CC,a6668dfC,0bfB33bc,caBa3405
5B094E8c,868f4ac7,637f5ee8,8eb21A5B,214A737b,FF39c17E
3fDcCb4d,cD682C78,e4A1DfB3,CdcCE947,CEb52AbA,e87C99D5
652D87c2,C0bC57F1,81A59d1C,EF2dFFe3,321Ef4aa,E7DDb558
9fEEbCb2,37672d95,305e4a9e,C4A8b285,bEcAc1cB,7BFCF1F8
aB9A5E3d,0eCb2Ec4,e7E7b0e5,1a280Fff,94B7c38b,36AD31be
a0B02eb0,B54d488E,1Ebc8c18,9fb41d4A,30Df3Fb9,3bfeFA7C
00722EfB,eF275e5b,EF9b2da2,161386ee,BC357Dd4,0ACc7fb7
4CEa61dA,1491A304,44bF40fe,52f596f3,bA905ad8,fEBd3CC4
bC28b5Ac,fD1AeF9B,E46fD44C,92a460df,4A642F67,44c2F6C4
D6B55da8,4a0b7c65,fEc4c3D8,5b244baC,E9cB6e98,8bBed9fd
f5b90A8a,DbDbF69c,8FaE43aE,d5Fde54c,6CeeCC56,d4Bf8aCE
8a55Dab2,5B0FB396,6Ce46cc2,BC2e297D,f68F0626,7A6E1C59
eB1A7Cb6,6C99Baef,fdf9eE2f,e6c4EEe8,C224ACDf,fd82aB76
0f5D4822,C0F4808e,EF85eD2b,D6677139,Fb7E55Ae,Aa4faD4D
FAefb4C0,8F4FdeCF,64Fe268e,7eE43E35,9deB7caC,4aAa0C4C
aB05c2ae,CB0EcebB,E5aAA6Aa,3341c91a,73Ce7A70,d29E7d48
649b0bb1,6Ecf539D,2F44EA89,Ac6B9cfC,3DeE0e68,0d352fEf
e6aAE5D3,6D79F1cc,8fD6A6EB,eA1AcBdc,A340a622,E2C2Ea55
0CAF781F,0784E3C4,07bA132f,5Bf0F92f,170E53Ce,6617a5B5
6efDADbA,23bAefDb,dEcc2D7b,Dabb89Db,Ef29Ff55,AFc37d5a
226B6c49,Ed61FADE,15d9EcDd,0FF33ede,8b4C6b2D,EC6A90c4
Da90b2cE,dDE1a5fb,c9D92018,7ECc975e,A475e9aa,cb6C510B
a5aa1BaD,701C37cb,D5CA13A1,1FC8B43c,f93C4BaA,3182F89D
EBFbddFE,BD71Cd7E,9d4cfEa2,807ECef1,f7fA9e30,9CcdDF9f
f6Ac5B70,bedbafd7,9Cda7BAB,AaeCc9A2,Ab2db74d,CcFAdb09
9fde1c02,CDA56d6E,D55Bdd6c,dA8a3F50,2B24beF7,3512ddFC
cfeBdE00,dB6A18B9,78Adf59C,e17aAbBC,39cd3cec,F32CebEa
fd66c4B4,5C96e7ff,Ffa8D55E,8F48Bb2c,aBA00a0a,cbd6bbC2
84FafaD2,41Fc2c7e,9deAa983,F7eD404c,a3C6Eeb3,B0f3E2A7
f86fcEC0,85aA8b2B,77Fc22C5,BcfFbAFE,CB0A3CBe,2DB2eFd3
3F13648E,9F1BF6d7,Bf3dD661,b301CbBE,Aa4fd21D,75FDfD9b
C5ccD270,eF82C6B8,a7a1Fc2c,9f8CfF0e,6b24EfA5,5566D22f
1dd82aA2,AA3EAA99,eb11de54,f6C37F8D,8dA5fb0d,BCB0aFF7
3Bb18Ee9,d0bCF555,7c0b77Cb,CEBc91f5,DAC6dEcd,9eBC7C5E
062CAbf2,3eFbaaCc,9B8dfDDB,98Fa5D84,ddfAf81E,E89A0bB2
4fE7eAFC,9A6F59ac,6453faCe,17Db43e0,BB9f88a1,5B9AD1F2
eFAdeFae,BcCD0B2E,B427e77b,b7341Bb9,0fCDDBeB,CFbb0364
6c18CEAc,ba0eFb9f,eFac9DAA,5bccAf47,515Bb97A,2587e0a0
2e1e5B99,d58BE51f,AC562bbB,c4d9D1Cf,58FDe56D,efbC7a2F
E2f9eA15,7EAadbbD,CECFB3cB,dC4C6F23,eFfEB046,C18419aC
B8a490Ca,38dBc2F5,3AA4f0b5,4BFAaA8B,6b4E144a,E2FF34eD
F69F6887,9a4bf10f,9CcfACe0,0EcDe920,2D863A18,2a502fba
25f28A2B,a05e62cA,6AFc8EBa,158a79AB,ABfD7FF5,1d2b3C5c
788Cb66e,FAD6A9A6,3CA2DEdD,1fe4C4B3,21fdEd3f,EDAF9932
BCd89c2e,1bc32dc7,d309eDaD,fA97AeB0,C73BE2BB,76D87DA1
52BafC68,84dcB3Ce,d46Fb2Df,863BAf9b,0aAf2DDB,acdb8c40
c6ec7CEB,eE1206Be,E5d1Ec02,Bd774c9e,38a1E316,Dd97Aeb4
a71d3c26,CCD677Ac,AA08D7eb,29c50971,cF1dc4eB,A1da14EC
5A092eEB,C9Ab72cE,eFFBd7Bc,b274dbdB,f69455e7,4E3Fe769
71C268fB,73284443,0E0c0e6E,65ef3ad4,E4DB553B,e18Dc50d
864c73c6,EaF1CB26,952f3Aa8,adA1B412,6CAEaBCB,D2cfDeE6
Ae7F3f84,39f84Aec,aAf1957b,7BAac5ca,52caD1Fb,18bde30c
bc1077D0,1342DFeC,0c950Bed,BBEc1aF8,dB1AbdC2,1a91210c
EcdA9c1c,ef7bf45b,21D3d8a4,e67c4fdd,4dabadf8,24b50d22
58549336,669b5Bbd,fDBbFEf2,5EBa1deb,CD0cAadd,eDE2AbfC
23d46E99,FFFE31A9,1Df6FcAe,84f8e18a,176BF55f,8e9C24Bb
FE576ADC,087916dD,97fdeDEB,34adFAC3,dfbbbD4b,dfcDce82
4FE9BA6d,bBAC81F7,24617713,BcB7Bec2,f8d9De0b,4ebD3aBb
2Ed6BDE3,0a9551b9,cbcedEbb,fbe0CEb4,D551E9EC,583eB2A7
6DB4393D,F8E8CCBb,aB64bff9,d486F4b3,3870B696,bAee18F3
65F2Adb6,fFFF1887,Aa8bAAad,afB8B835,cD2aaACf,Bea5Eb61
4FcCEC14,f935DFCb,cEE324f3,5db59dE4,cc9e2eD9,ffa382F9
f016e720,596232AF,2A979ab6,f462DBD2,AB6CA0CB,FC4dDC2F
B35F9dCD,d8A520DC,9dCceb09,6fF4a0AB,F4e61879,BF1ca3D8
ae14A05c,bCF993C5,c5a3bF0D,459f8E1e,00785482,e4c21188
46Fbe9bc,51FeEe14,cbB81dA2,7b549155,5A2B6086,8ce06ae1
AaD96DbE,d57776Bb,42Ba4F86,eC1D537a,efc8Ae6E,Dc7D872b
057B6dB9,fB389f94,3bBc58DB,24E8200e,3aba64F8,6a2d4eFD
cDcB71B8,e36b05C5,854663B9,fa99EE4a,a3D2aBDA,BFa8c505
5bB1BC5b,4cbab31A,fFB47eFE,9dE7d2bB,5bB50aDC,a60eB28e
21e79ceB,476bf5db,DEdCd19b,9fD3EdBc,82cDc9aC,7deadec3
8d2bcAcC,5c9df12c,aBEe2bE5,3Fa6dCf8,eB8b061A,36CB14f0
4E066e34,CB9895Ba,daFaF0eb,787B58ef,bc0566e9,D4B2394c
2EC4BdE8,7d78E84B,Dfc7F6C3,7f59ec03,850C22D8,E91AA8Ff
3a2Ebb0F,3fa01BFa,c8c72F0F,2c21b7a0,Bf1CcDb9,eC34C1F2
Ab8CdEee,D8CF5bD5,bCe33Fa3,DABAD2c7,7236d4DF,4DccC243
Ed7ccaeD,89C6dAdB,4933e60A,EB0dD2Da,8AEd12CA,aA2d20f8
1e966616,8Ff97A67,5Eafcd98,Dc9fEFfC,ED0b5EBa,2Bd6625D
a43B0ad4,63aC8e5f,7B3941b0,c6c3Afbf,BbCaBf72,FC9dCeB7
28728fBE,f1ff1DAb,06EaB24c,E3fe4AB4,5C1Affe2,3c53d1CA
89Ec13fC,DdDa48AF,18EbAC4a,CDA96179,FeD314DA,1A17579d
AFdA57E6,fA4F5768,D56bDc37,4309C95b,2ef618b7,B6ccC29E
Ad30F7bB,868AD646,aD77DcE8,3dcCb8Cb,057d0d6A,AfFCDcf5
CE6D45df,1535eEc5,fCBd08cA,8E8760d0,B7cDcC5e,efdB0F7C
28aE442e,6FdeeAbf,C7A9bd25,A01BdC9e,c511D29e,9B7EEC4d
2CbdaEB9,dBd6ddB9,B4C3fbba,e59c367d,247C8e16,B6DdeC75
dB6BEe1B,EBfbe58e,BAf8E7EC,0f8A0dBC,78f7D54e,82E1cAd5
EA08bF4c,1Cae4464,F5F2760F,a8b5AC24,99Fd6CeD,5A8AE21E
DC4c70Ea,183dcA28,A3bb09eA,AA782416,BAEEb3dC,449fBCdb
3A1564f7,fE6ACDeB,c87bFeac,e8ED0f8d,f461528B,e3CA8D8A
bb79Cbfa,cA73167d,D3a1d3FC,0A8A372b,D1f9D4DD,1cBEe4E6
bbEAf1fF,dFdadeFb,e97ff04d,3EA95Bd0,F5Ff10DC,4ebc9D7a
d7a32A73,EdFF611E,6D807FDc,25Cddf3E,171bC8a9,5C2Ae48d
Ce61FbC8,a0d6B78a,3d4E3AD6,f297b34C,FCdDBA89,BE1a59fa
2cBcCE42,F02Eb0ce,AaCf5dBc,B01FeE6E,c1f7D2A0,40eeF0aF
bc7A0E7D,7675BD63,3CcbDE9F,e5Ced3f3,BaDFDbEE,Ab8E3Ca0
a1E7c59a,48bdc492,9DBAA6cd,EEEBC6cF,91fD1719,50cDA667
84590223,C9FCeDDe,afDaD5AA,DeCb0Ebe,68De5e1F,Fda7aA67
b8A3A036,Af8B35CF,78e4caA3,abF3A5AF,d041e0B9,cAa03d6E
25fBb97f,0d941DfC,Ba10cfDe,DB64c9Af,08f4a99F,515bB0Fa
F493A6De,0FBBd32e,Ffd905da,aDF4d0fC,EeEBEE2e,9Cab17eA
B3e3cf6D,3dbE0f7C,c9D0Aa9d,edE3B3Ef,6c3F66E9,eCbDA2D4
3bAB4aBD,ba463CEb,62F4dA8B,664E02a3,86bd4BD6,1B8990E3
Aac9f5C2,dEFcCcf2,FE77586E,8dE7CdAe,6c1C1455,d4FF4C3c
3b7b4890,d86e1301,4E7bdD7D,Deaef30f,B0b33BE4,ae2A3E16
c592bE06,Fe37A28d,9FcBd9bd,eDBBC4f2,5EDa762f,a008A1Da
bE7AB23a,4Ece6EfE,Ff03aB9c,2caFB7aD,d7DCd4e8,0FeBED98
8b1b341A,2E4c41AD,dA0D4CBA,37C587A3,20DA0C3f,4e1498Fb
aFeFCA8F,dEBc9c61,Ceca5eD9,a4F2d43C,00edaC07,8D7a7764
Ae0c7d87,Cf9dc4f2,8f25bFDD,2feCd9a9,b8e7c36b,6a16F3F1
2d4646B6,B7CB3aDE,c95e5024,C6C6b22C,7cA785a7,1Ea4Be3E
511E90CA,DEF9F778,F0429eeF,9c38dACD,8ca45DEf,07E3212A
BB83Dc00,079b2420,E185Dfda,A13F4A23,08D8ff43,CCC33Ad9
ED2ce7ce,E76ff5a1,5d9FE9B0,368ef949,aEd38abb,39fcdfFA
ff5cFEab,Ac38789f,0dbfB285,a0E3FA2D,0f5a8fF8,a868Ca2c
57C2fBea,32aEbD2F,315B0e83,fDa1c4Db,7E65f6DB,33705D0b
dD82f7Ef,1B320b9C,BAa7cdEA,eEBE7109,A68D0FBb,Db8Ff1FA
eDdC41C9,Bf04E2cB,0a6a2afD,22e8D880,9a9Ab71F,ea0fAEB1
9441Fae0,271FAb3B,dedaDc18,C63CEB37,AD05D3D2,8Fa83CFd
E932EdAc,cdff2b7a,ba96d6D4,b23d59cd,8D9caE4f,F7D8edFb
bd6c83EE,9efE2ea3,F9006028,E5ef415c,0bdf4496,c1Ca3EfD
C5bE3662,eBCD4eCd,4cC0a3c3,1A3107ac,12ffc4b9,467dc399
77af7E29,A6b5Dac3,aB988AB5,145FeCc7,eEbfdC82,DbBcdeab
9aE0Eb7f,4940Ba5a,B4dFF7a0,0Bc8888b,c8D834f4,e8Bca048
bfFe5B24,bFc9cDfD,Fdcdf832,d3B6eeac,F1e7C7fb,BFc12280
A7d1760F,2d812eEd,89b5cCD6,9BD91a3a,1Cbd6Ce0,53b19D2e
8e59df2D,2BfeCFc8,2F35Afb0,19aAC2B0,FD7f2b4f,Ee7C1ABf
B5643aa9,ba2b926B,c0Ff9BAB,D1c8b4a3,cF4BE37b,7a01bE00
c1DCfBde,b2eA8817,6bf5dBfF,ff8930e7,C4B44ae2,Cbaa9A41
e28c62Cc,601E33BE,0DAeCaEF,ba12AC1c,eEC487dF,4b7EA635
60fFbE86,EbfED544,ADb1a37B,FC13e8cd,8E8C23B8,d166A7bC
EaEeD803,F8652c4E,5A9CdDaB,9f1d14fC,25f22b5B,Df89A5cA
aC05f946,adAC3D59,deC5E7a7,C70EbeA1,f330DD97,B8DeDF2D
EE68e420,F8d5Dafc,5fB1794E,CECc3EEC,7cf2F42C,DA3c1ACC
cBf90C3E,9893c974,8A7a44Cf,6CfBE1EB,E833F1ec,C7469DfE
29f8eE0B,EBE37eCe,dfb03CeE,F613f464,24371d6b,501f55E8
97b32A50,Fab55e94,DcDcdeBf,E4f6Ccd7,b12AED06,fCaEcaD4
b4bdC990,e5aBAEDB,bCA98C4c,aEF7f740,7952A5CB,67dAfb1D
b712E8fd,3D185AF2,e039bDa5,5442fb8a,039EFdbe,6f7ca39c
F7b2ab33,1ca4d5b0,Fa1bF8a7,AdF89E45,39B4bb95,feD87DCe
0900D00C,ffB04b4b,1fAFac38,DCFDDAfb,8f97762D,73fCeEBa
caF4C0b1,CAEAa6Bb,3dF8FC8d,e7B65fd6,C479DEbe,EDa9c32A
BF0EdFfA,EDab67d0,6AFef83C,cA60DE64,0ffe3A28,4498FEf6
f4bDE1eB,7e39B05B,BfFBb59f,60bF31D9,1cf3b5a7,EfC6F421
96b4D2CE,cCEaaceF,Ec026e2C,A2edFEcE,51d7F5F9,bc2e2B7F
a58e7B6E,C047dCAb,cEf82BA1,70B7C21b,Bd6AfAEF,0AAD6adb
0d0e1bB7,81409b3D,644d6AaD,3D30aBdE,A6f8E496,aD41Da75
f6d109ba,d065bB8e,dc34c3aD,2ddF0fA0,9Fe329f9,A8fDFEcA
db7BAafe,30DA13C1,94BC09CF,EDFA80f5,A1105DE9,3EB258c9
ee4acbE7,Ebe002fA,23eBeDFf,02dce348,789b7Cfe,a0496303
8cbdEdF1,Ce8F2f2F,A613def8,AD0Ce390,DD3f6d7f,dbfd8e41
BbbdeEeD,DDb5816b,2dEfBd0d,65bA1Cb5,09db774c,EEbD06cd
CDD41B9A,4efEeA50,af2C7DDC,Ce3a3fF3,C06bede5,FED58Ba1
ca8D4dbe,F69bCeF3,cEfa3C8B,015dfB88,CfBB6Db1,EB07A11a
FE5cDbfD,E60F0ebc,fF723bE3,9aaEDCE0,9D9c1E4E,F31E571D
fCB6908A,90fFEab2,4dDEf93e,95420cAa,fcAF3DCb,176bBBFc
84Dc7e0b,88cD415C,54DC59de,eebeEE08,c9d3e7E6,A1E1E3dc
4014aBCE,2be2E3B5,B61E6DCA,BC9DfC8e,CdAb4dC3,8B0991Ea
dbA19Ec2,Cd41BDB2,Cf6136Dd,49bF5409,dED430B6,aA75a5c0
7ce7dAF7,91Cffb10,7FB8b55F,7b7f90Ad,bFe2CB98,69B4d2e6
e65EA0AB,AbD880f2,4a4De2F2,EBFdbeA9,6c5ca7a7,87BD4B5F
63Aca55E,fF6CccC9,90adbeaE,DaE8CA60,AbAFfBad,9fFbB5d5
B689Fc12,cbFF7525,Ba8Dda8C,88E9149F,fde69D98,8e0B6cbC
11D2af93,f7EE071b,fC7C1a5e,Ee81aCb6,ca85Cede,19260EBC
C5aaAd3a,104B11C1,A6196d69,BAC29Bac,4bEadFeB,DDBD55e3
daA974d0,53ECcCcC,b7Df011e,d28bDB39,e8ECC7cB,dA1fAaD7
9cdBbbAC,ef80Bbd5,6F9F34Ab,4593d370,A401eE4b,bA4a5B34
5Ec5bEFE,4E06A8C9,924fC2aE,78C99C80,2Ac21b3c,24d7AFCE
51FEDD7c,EaA92e8E,0fFf841B,555d3aDC,2d412E45,bc4232A9
DEA71FCD,CC9BBf03,92f804F6,4A7Da45c,D7fF24B1,C49717CC
4Cd8aB47,DF832b7a,e26fEEF4,dC44b458,cDfE9528,dCBc1e42
3be7b752,Ee1C0bBA,1AF8dFB6,5B7F8150,Cef46A52,c604a0Ff
93A5ecD9,b63E9cfd,cACD6Afd,4290cCb1,3dEEBf65,BB4226FD
CEEF6D8c,93a13FEc,79Ab5375,cb7a8A7B,Fa17A5FB,42fFAdEA
c0BF49cA,bF4700da,Dedb9CA5,79fBCAdE,7f51AaCA,8Dccb792
655eCdf8,49c65Fac,1aeB6e4B,39d42734,b8cEe75A,8Bfe4D7c
a1b7DF2e,edf4C6D6,1837BDdb,db1d04FF,9Bf8ccCb,eE54D710
A3f793D4,72b1Db40,edE324FD,86A3A118,443A82e9,5d282edb
C6D6ea7F,cEFB871e,A8ed9FE1,f706ACF4,93f6DBD6,7C57cBbb
50EeDdDf,4cb19A7E,aFCf961f,Dd5A04B7,DFaD66f3,3A00BD5C
0dac2e20,c74650db,d75fB8b4,c70df14f,8CCBeEb7,D94E2bB5
F3aea3de,BbAc320D,d426cbf9,C6EAAa46,1Ff2cC4c,3067582b
22c56D6b,799659bE,eaFA4D8c,8E8CCD0E,6Ec32AA8,CBdFa1ed
Ccce9f1C,8CB60dcF,3cf9dCFA,89B80bbB,cad4eE0f,EFAcd20c
FfFb65eA,5Ba083cd,8F34Cc0E,eAFedFEa,FBEa70cf,3e1f81B8
5c1e9CBF,3dc043EB,7Cac70D3,760349bf,B3EdAc6b,c59ce1ce
d905FF32,5a765AB1,c53F2D1B,Edfa75A5,CfAadABd,a36f82b8
Bec14D4e,602b19e1,c7952eA4,F8F1cffC,6caCA79b,4CccCc91
B74571F5,C6362884,3b4e3eDb,86dDa57f,38fFAEBF,1A35a61b
CCCCF770,0e3D0cba,Eb6F1F20,D4cEDBAf,FA9e8FBb,f74aca9B
DA7F7FAF,400fcfCE,d3aA79c2,BeAaF6CA,Cba1a5aE,fDF744ED
8c0eE77a,FF8Dea28,94ef1b17,e253E10F,d8De28Ed,0EF0ed7B
E7906186,09EFa5FE,0b9ef4cf,9Ad8AdE0,9dCf2952,7Ee541b0
77a5Fad3,ca36CcD3,A1dbb63A,3CBc022b,ACCd82F7,a5e8cED2
AdBe386D,EEDEEC83,de1Ddf6d,7D71a3E2,e77C92A5,4ADF54E5
A8b0EFDE,d35FDCC2,B50126cD,f8D21DA1,111C5D9e,dCEab9C8
609B9739,41bA282a,8AD0b708,07B0788D,F10f1d65,09bAACBe
Bda5eE6e,ADdFd4c7,125D1A2c,fcfFDfA3,D0FCb6ce,C5EaFDAB
3EDC9a5b,De768e5d,Ddbb69C2,eAFeAf7e,fAf4146D,31bADE40
aA89076A,2B9ddC8d,cbE9FfD0,9eecBda4,f1a8Ee6E,DAa6dDBa
6a3739C8,b5556b19,54aa056e,BE7AD4Ec,dABa5AAe,6faC262B
05384d0c,c9C5A51a,daEDBd2a,03fbF2A9,1A38d5d9,D89A1C55
FDb2b0Ee,6EEfdae3,B3c7fA3A,CFef21C0,4e8ff65e,CC8d6FAf
9DfDca1A,3cac7200,e8EbD0fd,06c3CDEC,5d8E29B2,c8D0B146
cfe360Af,8f8A4e2D,DbE4dfDd,22B9CccB,6ce6F5CA,716CCE4D
A0F6e3a5,8dA73A6d,1Fa3b8bd,7C470BBc,7D59bE9A,dE2BebdC
c79BbEEA,6195AE8B,De8D9fC8,D8650BEd,ce90DCd5,Ca56bEba
1b094dEd,ef0b1956,0CB3c6be,aF15bC14,7289Fef8,8E5fe63c
D62A0648,e74AaA1c,2B2c643A,fBb9c0fC,5Ddbfc2C,Ab2Ab4Fb
CbA387eA,f8063bbf,f08eA774,C3CfE2c8,BADe7D79,a6E59aba
dc990018,F1CF6CB9,CFE9cB60,AbABf61A,c20EF7F9,B09DDb8A
EFaf99c5,30F6a7a2,d4fc2E8b,8ED8EaC4,DFce631E,c3A2bFBB
3575Ee66,a6B78Ccf,ca18804C,B6CDc396,29Afc8A0,aD8FeB1B
FdB6Ca8D,c9CB6b0B,14ca4E0c,fD25F06F,FB8dEeCc,99EcADb7
AaaE1c2C,E5977aeA,060ac6aa,2e5932BA,39da0EB7,80A2D1e5
11aaF1E9,Df5bA9fb,62FFc89D,ebbAc2A5,531BBbe0,f9abCB8C
Dbc286fE,1147E6F6,bba3bb85,0D3dDf94,2a29232A,84c803EA
aECA6469,aA7e14C6,034Ad4C0,dbc8e1e8,1bcbf8F6,ec2A7DbD
D717A4Cc,70AD9A4c,251e5E3e,Db0C62C2,1012e79F,3F0D4AFE
E50c5CFd,4fFc5Ca0,f9CEC8EF,2a0C3dB2,a6A3D9dc,0F1A2bdb
693c7be1,97A10257,8B15BfF7,7AF1Ad2E,5c8b4aB3,E67Fddf0
3e917DEc,CFc08351,AF16371C,75bfdb0F,Fb16B25a,EdD7f47b
0A7edAfE,E1d1f49D,EEDB9fbc,Dc3A4DeA,fb5A9FBF,3a7BC7F1
73ADD84f,E4fb2869,0C4B2fdA,aeDeDBe7,Fc9D1ea0,5585eD1D
618fCEC4,8fCc6391,e3fBeF31,4daea49A,bA01cCfa,69Cc2C43
878a72Eb,C360b0ea,8cc6FD89,14BFb144,506fBe93,dcaDB2Aa
6EB2Ec4B,03e1bbcD,cc84eB5E,AbacEDdE,55D3DEBf,9A7fD39e
198c5a80,086Bf136,53b2229c,30D7D24b,8Af74D3a,f4fEfD8d
D7C4bbfc,CBc83ffe,6FA3bA65,E201c1Fb,3fBB89C9,cE546c1f
1DD2Ad49,eBE07e6E,c7AC2755,E641df53,aBdEe68B,D3a4aAF5
2fd12394,A33fbCcf,daF0cDeD,01BfADcB,535D0dde,1C2ED5ec
194ca9ea,A9bdA4c3,8da1aAFA,47ac1aaa,1c697FB4,BEe4cDCb
D423a53d,09eDfaD4,86da65dC,9Fedef8C,86Cbc9ba,14bAfF05
D573De0E,e70Cd9eb,d826BE47,96B9d60F,c4439f52,4C87d051
B310Af06,3BCb497d,C8BC359B,e4891c28,d5Fb5DB0,DdfF5Dcc
24F6bcCc,2A7bfeBE,5dD94769,bFf68A0e,f9e497B4,DFcB1e5f
fA47f0B9,dAdAebd7,8EfB0f02,38e3FE83,fffAE87A,5E948cFe
0D6bbcaf,90CBf712,F8Bc458D,cBAe8e7F,4C5B9801,80dA47DE
ea56EFeE,17958a86,4fA5C2Ff,EeE5Dca4,57aB2357,9aEC84bd
fc03f2dd,ff38ac96,aCBf7DC7,d9Ed8dBf,A0eaCBaD,7c167d3E
522aDbFd,2F9FCA03,DBd5CACE,07BcF300,AAED39cE,a6a97fDe
aabF4C3b,3cB5BdFF,3adDBee7,Ad9dCC45,2f3934C8,bA5ceA9D
1E4d01Ca,D613Fecc,b0643BA1,D6f1e1ee,b9c6Cf7c,FfDadebd
Ffd3cc98,Dda02e01,71d1806E,5D7c4FCa,08BeB965,2feB4592
8bc1e67E,Ffa1e874,225FbbAA,FAD9aC93,Df5a6ceA,FA34ccBe
d6B00DDD,9e2CDbA3,7Ff07d74,317daFc6,AF8Dec8a,F7CD4BBb
8fFcCf4E,eBcdACDA,6269a3Db,eBACa3cE,7896a214,B662Eac1
aea83A01,Afa3f6a2,d4FEB1CE,f1D8D1eb,E7b1cB03,4ad3ed9A
8EA8be04,8E39bC3F,eDBF81AF,B2EB03FA,C55BBEe3,89dF2740
D2ca485E,66ad9eE3,60A1ace7,a9bfF2cE,BE644cFb,2c16B91d
8D019738,BfdA2BBf,2BbFBa60,ecFdc67C,B5ADce70,Ad2bcBE8
3C3e6e1b,0DdbBD1b,19cBFe85,c8c4f685,BeE0fefe,6aFE88Ab
0fD7B7d7,E31988Ef,cE148E9e,bae119Ce,D6aaeaaa,E44a0c49
CE5dbBaC,13ca04BD,Ed08EF5a,D9aE2aE6,b0E3b54c,01AcE22d
D56Cdce3,fB87bCbB,fEA0fe0d,EBF7E71f,64c9fffD,ccfFE93d
7Dc185A2,0dc99Cb4,260Ba354,D1BfA52f,E8562390,eEAAf37c
5ceF9d5D,4dbe6f36,F0fA8bAE,9Dd4f58f,aEfCdee7,9c6eEC4B
6089DE42,ff7BB2e4,C7Ef02Ea,FdEEc8dE,30a77508,9cBafeEF
E046ddaF,80dcDc8F,B8AD9C01,3ebA5A01,69e2caF2,b91a9dDD
4D38bef8,B01E8B72,8c20b8A4,762630ea,daE33B06,77be03BA
C4f87CAE,61f26F71,eFD0f089,aB0fc16A,1eF7d1D0,8ffE1578
A24D1230,dB8BaaEb,Deeb9b73,B983354E,37cEEc01,9DDd5Ab1
a67fb5fA,7cA86C8a,B0fA83A9,b24bfEBC,0FfccbDC,6e1AFDdb
04FFFAAE,67eab6aE,6d3c7e1e,d8badAE5,B1b48bCd,d8DE0E52
fAcADB4e,f708aaab,5aa51e7e,c73f7C6e,8FDFcFE6,6B7Dca3d
6ed4Ef5B,2c5ec7dA,6D2A28Ee,4E82cD0a,087d1CCF,FEbD6A2e
1FC9E1aa,A086901D,7defACC3,2bDabAC2,C44E06D1,9eF5aBe8
459eDa0a,3b2439b0,aEBBF4C6,5A4c4A06,87eE56cb,65090EdB
cFcC5E57,d6e59C2B,cF6536fD,7E41c6bF,EAfAce16,86Be546a
f5fE3f6E,E7ac7bD5,fdB8d989,c86c8e6A,c28709Ce,118dfcD1
EEBeb87D,9d6de34f,61EB90e6,815CF7Cc,ffD7BF14,2Dc609F1
8EfAFdbF,c0045cFa,64aEFEEA,8FdE044F,faD7EA6f,BBF84ab7
faDb4AAb,cEA5cfde,9c2773Ce,052Fcf7d,67B1D5e1,DECDce8a
21C9afE1,FAe08D41,f8BA200F,8fE1EaA2,aE5AdfeB,d4dfFe7a
67B13aA7,cbf5b932,38dFAc12,bfd02eA7,5c2BC377,E5B3F7F8
427fe6B4,B4fEf762,CFD4E0a6,EFbAFEdd,db5Cbd81,5597540E
A8d0FFdD,B9beCFd6,71Dc13cb,6BBaE96A,22186101,3d9c7F84
DDfBDCab,910baE19,Ac0561BC,d8fDbB77,d880Cc17,9c0A7C74
82084c7e,CafF8e9e,1059b458,C9cCaDa1,b1494bdA,75a233f8
542036DC,b90f2497,6cAB07a9,e35d9257,4f050320,afC6bd4d
DeE81fBC,2aF9045E,ACeF68da,F9e7069e,7d7edC3d,c1D6DA5f
29d5ff07,39d3c806,a0e3ebbD,2E6CBF80,1fACc852,3CD392E8
F02890ED,fc64AAcA,82EcA4De,013aa43c,C9f16dd3,fB69ce35
C8627caA,F09AEDaa,fbED29c2,C0D78aDb,571AA1F9,AfB49A57
Ea4b71C1,033DFfCB,E4D8a54C,2Cf0bEAa,0E4bFfe7,D1aC5d7C
025575E0,C221bcCc,F097CC9D,cf6eaef3,cDF84Af6,5FD5B64e
9beCdD11,B6Ed66Db,7630aa5B,8f8a436B,a414a8B9,dC1cE3E3
b56E47ee,cFE0c6ad,0C2a12f3,cDCbA2cA,a3316EEa,77E3eC1D
04BFE947,C1336ebA,79e0daFf,7a1D98d4,ED4DaFde,833eb5Bf
760Abb6c,936d8C63,AFeA4daE,5890C9A1,Fd93B94E,3bA9D98C
9C7cE52e,a0912aCE,ecDD3ad9,d0cdE94c,9201A6fF,Fd1D6aEc
Ff1994f3,dBbDDF3d,11dA62aB,80329fCD,a3DBE747,99B3BCf9
c4dC0B71,3F2FE3ec,c0627b90,fe7578Ca,4281f6ED,a07DB3aD
84E17DB2,EfF08BBC,01971BB6,BA4FfE71,E5edE7d1,7b27f207
Ed5afd47,d03F08CA,F5F4AE0C,0af9A4C5,F7CA20B9,57DAFfC5
51DFD1e8,dBAC719B,1ec3dBC9,42956B8d,BBe7ff5D,8EA0dc9f
59BD1c1B,B956acA0,61AF64ff,67Ea0FFA,ec79c2FE,668BEdc4
0dD46d9C,4A2a3020,Da1CB62E,F1Deb6f4,8EFAfC3B,6c5F98aB
9eD7f8AE,9BbB80fD,4bAe8D8A,acCEBEAa,3EF0B276,D5CB4DD1
D60D3DC3,f521baF9,F8E99E0D,C84c2d03,4422F4d9,aA82E980
B5EE2B7C,7C8F1D1A,bE08C3FA,49A5d81d,4CfA89f3,6aF60dac
fB9EE06E,5Ff151B7,6Ff1ED8f,2b2a2A0C,35a7f60e,2ce965BA
BB341da1,54492d9E,ae19ECB6,A0ffe0a7,0DaF223B,a7A8f5f9
FAbdAc84,14fEf90c,a9ae19Ec,d2E631DA,8bCfd9bA,afAd6ECd
C8eAB6ea,4C96E8A7,3ECeD013,bCd36Dbd,1D23aF13,f2bee5Fa
520bEecA,E7cBde74,e5Cf5Cec,448ba38C,CcEaC3e3,300757Ef
CBeddEFB,4b3B2a5E,8fCb5139,9fda2dcC,9FE22Be1,5efBaBe1
E9D7d1b9,54d71FC8,0824B0f2,321a2cc4,B6D0Ef02,bC227A5b
bE5f5024,66A12d6c,383e2Dd6,2b4Dd5e8,A7CF491E,41Ce1dAe
bEfBf7Ce,6dB6c212,AcBaA7bD,C3FEd1Ca,cBFd95F7,BA54bbf2
44fF34A0,2bd8fF0D,01a137e8,f9d82150,BDbDb2a1,F34B075E
10ec0aac,1C833fc4,99C5FaFD,C0156E7a,baE43Ac1,EebB3d1D
dDc078CC,fDfC672f,411Ebc31,d7eFaDf3,e935bE3B,a9a0Aa55
d8daeA5C,ea86CB07,4a6A776A,010fb19d,9DFC16D8,08941F33
f9C2F7ba,f5cb9Def,Bd9F0607,7e64Cc55,cD90Ea9F,761C7FA5
e9f1b0E9,BF8e3A77,5a01670b,4b047629,f3D8A52f,7CB2Aa72
86FcFff8,019CdC3F,c6BeCeD1,2e17252f,b7FdEd5f,EFbdA1F1
BfDB33eF,c1aCF0D0,Acdd3fF4,0CeCfa43,CF8df9C7,9F6cEF2C
E4FF1507,d19B2C30,Bf3c64A7,e1A697C1,69B8c9df,fFf072Ee
cfDA6993,38cCBf13,aE9bCD84,be816B4D,4497A2b7,fd0fe880
bfCB946e,35F2aD69,f79D2F7c,666E056B,D7aFD555,e51cBAeC
4eD41BA9,4Aa598cd,4C237Da3,838ab3c1,4EE6a483,B89F5A16
ed4C33af,dC17Ed6c,Bcc3c4FF,248aB6ef,eBebC779,e003CBb1
a69F9dDE,Bf669fCA,E9bE35a4,4ebeae5a,B2aA15b8,C49255F2
5C3fcBfE,41aCefcF,af808B73,DD31235B,A9Dd5af8,5B6a183A
d5Ef72be,dE202AAb,4d40aBB2,759cCC72,b8AA9ee3,4D62e2CD
9084737D,B32D5A04,c3C900c9,A0D8EcCe,46b0DafA,0daD2Adb
Cd1aA0f9,20fCaCC9,dDa5b049,Ccc6Dd28,E93132B9,9BcCaf7f
AB41BffE,44af3033,aFdc0Fd2,adaC158c,773c79F8,0717ab54
8ce94DDd,B228afF1,f4707Dec,C4E523F7,ac5b8FcF,Ff64BEEf
F8733d49,fcA01f07,0A4DCBc9,C6fFD95b,FCD5e432,514ccA4E
