1dcF37CC,fEEBF6d1,bc08c16C,1eABaFEF,35B241fc,1CCeB6AD
d9dcBF0d,9afc377E,209cb61a,76A6f79e,DE609E6E,dce64Bcd
0aa9126f,92adbCf7,CF6d59DE,BdCdefb6,D6F7c22c,0C1962E0
eDB60abF,9fD24Db4,0b6E6cdA,AA697dba,ED00EA80,aCcCbEdC
FB27DD0d,abdBa2DA,0C3df3ae,3c64c0cB,40E4F0B3,F9cEd8eF
9b0CD0fb,AB495ADa,C666AbD7,dA0e92Fc,D5cE332e,0b6aEb3C
fCd7F36e,DbF340d8,AddEfB2e,bCa8D1fD,2F8a1d69,A2B3ADa2
Dc77d6e6,b58C12Fb,296AaFcd,9cE8DdAD,DbDDfBAE,e69dE2CF
17e0f0b3,e87d0452,39c3f5c5,65ed8FF6,612a6ED7,86f96e2e
bb1D1bCe,Be4a0170,A8fc9aFb,51e87Ca7,a9e25555,A2F63b6d
c5be4dF1,2eEFf129,037B3ddF,91b71dee,84bc94e0,B674300B
cad78aCB,4DDAEDfA,98B0a3d6,17BD6B5A,f6a06aE8,07feabeA
cFaa23bb,62F63cFe,30f694Df,b12d3d46,D32afa70,90Eae1DD
3A62Dc27,fF99E6C6,CE2ddf6C,E322c994,8c543177,BE8146A7
Ec031DEA,7fEDFdBb,60929BCB,F2CC7Edd,1E1bBD01,9c8c5571
8eD680e2,2edcd906,3a668299,eb7ea25a,737Ec184,da915D8a
F29cf7AE,9412614e,Ac7Bb07a,7fEC7D5F,6FE1AdD8,E0ECefed
91D2218C,7077FC6b,EfEFD7ec,c75F7cc8,96F19166,EA29c640
CdDccA9F,34607f24,0A8364eb,F0ca41e8,F14AcD94,8f42Ae3d
9e3AbF96,cB3AFded,94f8b71D,ADdb7d9F,c3D22594,Cc7535dB
3AE5E0Cd,5377FB2e,a01AF663,58046f2E,B0e88bfD,DB8Fad9a
F985A21D,6e53C4CB,acDDAea9,9Ad37C66,8FFb7beb,6FFE1b37
5D5C6B6a,1B8d9dbC,893aaAFB,9E9B34F4,CbCF49C0,9B634F5F
F5957341,93ed0534,5DFAEc08,9Af8A4dB,33e2E438,9Cc8eFC5
89084ECD,4741EFF7,CC378B79,2a7D4BA2,bFF6cBBe,a0B8A6cb
22d13f07,FbbE12E9,fCc8818D,fb7a6E7C,24EE9879,cbfF1B2a
aA3cEDB8,Ec109DdA,DEaffF12,Bc70DF1a,E46f525d,D3d2DDd1
C27e7dCF,F4CdcECD,aFc1AE2F,F79fbDA9,2FDB921e,F136a9AB
8e6E81f8,66cEcd6A,0aFd93dF,28Dae19a,625c4Af0,bfd218f9
722e980A,D2EBCc0B,93BbA9AD,18C4F36e,d81db9BB,75d44456
D0fAC103,9A510806,F8cE7F16,0f1Ec6B0,04B5D3dB,0Acf5b19
B8C2fcf9,2b4Ac8df,AbB6656F,035dd7Cf,2DbbFe62,16FD1AD8
0C4357b3,ba1b4E49,43bAd4Af,D2ddAf63,5DE553E3,4FBB58aD
A1338261,018F4c3a,A2617AE0,C2B8adAe,F9f673e0,b76A963e
14c7CBD3,bBA8ef6E,1c8da459,dea6df11,819e36c3,35b51dbe
B580c41b,beFFabD9,E9A23E3a,D1F07BFc,cc973cd9,555334ee
bace90Ae,Ea656dD9,8B85ABC8,421a02Eb,8dDFb75b,Dca78E3E
aB28F5e1,32c9bcc1,Cd1dF403,2d5Fd77f,043D431F,B2b5ee2A
CA3EFCE0,e94bA03F,921a039B,B3d52eE5,BD01E3Db,6efca35f
e766F41D,F8E6ff3A,f9Ec9cEe,7DAEe4eC,D0D1eF4d,E4DC98C7
32Ce5cAF,bA3bb7D4,E314ebfA,bd3e76E3,9EEcEA0c,1c6A64C9
56608AB5,b1071701,8b10FeaF,bAE1a8bE,abd4a0BD,fA6cC7CD
fA78DC9b,1fFb463C,0E5b81Cc,664904Dd,6Af111EF,87Da5e4A
795390AD,9DA68F72,42651Afb,72dCBcea,c6BEdB15,1Fc69f9A
9d573d7A,3cFe47eB,e92Fa2dc,ae73c18b,8f8ac27F,33b8F15f
Db489A41,1c2FB3fE,36F06aE9,926BBE7b,Ab2Aa22E,eb7C5Dee
Ab1f7dBC,a879e09C,f7ee0551,b2c58eaC,A2Dad69A,f8dE1AC0
fAb1933D,9cEf50bd,edCEDcAF,F9faAaFc,8F2fEe8c,BBddB3ca
7bfFf037,E24eEED8,2B703baF,Bf1AFcaE,D3de87fF,6C78D0c1
92d13bdD,F3367240,B84Aedd2,FfDD1ecB,6dadFa5a,22efEb83
Eb55173F,b04DF7BC,33bb81Cf,e82d8AF3,f6f99Bfb,Aac5BD6A
83DDa1E7,Ec7a37F3,Ebcf8F4C,CEa5db8C,e24E933b,AcA948e2
cBcb6fEF,eBfEEbFA,C3dF6579,Abb0E4D3,1ebCF3Ed,BAc07Dbf
B91bfED9,0da1bcff,39fDdb30,C89Eb0D1,3b608f10,7dCBb99E
dcb3d7A1,92245C9e,e77e3e20,ac716DD6,7B7a9b44,e6e9dA8f
792edbcE,7C2E41bc,621e4fa5,31960f8B,eBA4e7F4,2bE5cE71
C2EdEf9c,A090b830,14e2BfBa,B674FeD8,6ab74d21,Fe5F9d6C
1A8f0b1C,46A7ecaB,8EBec9fC,27fc6A3D,4Bae83ff,ebE7B235
CbE18f13,6a7d66Af,04C99eAa,096060Ff,2Ffd1A7A,cadebaE1
cAB8Db0D,46D6fd49,D0BB9cbC,7BccA0BE,Afa0De39,E69DccFC
B2FFbF1E,BDE79f6F,0B4Bf2C2,FFFa96DB,1EfFF392,e06ddFFb
CcFaC8b1,f67fFfe1,99AfC65e,e7D875ec,FA806DC1,9Bb5b58B
b744eFbf,9Bdb32A1,7Ed3de7F,6edF3bFd,E8C14FEF,96cEEFf5
28F8fCA0,6320D7f9,Ece41Dbd,91F64CCf,65822A8D,e134E7EB
B6FdFFb0,8Aafb75B,1c0F305e,Fe2EB4fb,9aba1dBA,318432Bd
6bBcdbFb,17849BFF,c3bf3fBf,fca4cC5E,Ae1B3329,bd173CE7
CE28e4d6,3DAEe1fA,226Ef0d8,27e7c506,CD0D3986,c048fdfb
FEde3Ee0,a51aBAb8,79D0eE0D,92DDA0Bb,Fb8234d7,Cf1eCdEe
bAB783fB,d50144aF,AfD8cD03,CC4Edc04,F344E983,22Cfcf15
B6EeFbcE,cAfCFdBB,559dBe5B,69F8B9dd,07FFCb7D,24F5E33A
FecbBfCe,F16b9540,Ae09e0bC,A855d06e,7Fa70bc2,06F2f2ca
ce7D7DD4,3fA04CD0,0A6781E1,2247C679,4ade9dbd,eDE5a1FF
AA6cC47D,837859EA,44fafAb8,44631e03,c1d2c5a8,02D60B4E
01B53Aeb,745Ca33B,AC1FAdFd,2b72dDFF,A18e5eCb,bAFB5283
Daa4bbf9,C2CE2961,baed550B,dDFC1DC6,CAFa0BfA,8aE9Cc85
cEb2FaF7,FeDAaFda,bEdEe2EE,d7c1F9df,cADfAaa5,1DbB1ED2
aF412731,CD9Aa3dd,ABA73cCc,E68bAfbc,eea7b3eC,e0d536A0
5Bb5F12E,FF658ED6,BDCa2940,d1eCEF62,C933Fec1,6D08dF6e
7Eb185Bf,1D1e8E57,2C0f91EA,7bCa9d61,B3c92296,c3EaF4D5
f2FEfD2C,87704726,4dEaB934,78B4C6f6,FDFEFEDD,D08D7Cec
ce0Cbe6A,1B67Cd41,EF4b164e,F1a4FCed,7f0F1971,ed9d5d9B
F2EC9963,C6ba68A6,C6bBEEEa,a857b7Ca,8966b010,EC6A2D7F
ecDD6cD2,2350689f,DD80C8ce,e8B58C02,4Da2C7c8,4c8b1DaD
0b802DBb,fCcb96a0,Eebe9cc1,bCAf60EA,aAbB415B,B4daa6CC
BFc523d5,bbede049,Daf0ee3a,F81169Db,A4d855EB,82E569DA
17BAe7Ec,397CBf0D,9fdE303D,DEfee9D8,F5e78ED3,d6aC4c9A
E2CbC24D,2FB865D4,1b5Ed63E,ebC7e59E,b2FD7a3D,554B4a38
c5B04a6f,bE30e2ae,3265ECad,50CbED14,e6bb81cB,bcbDeaE0
a6ce0f23,5A2DED5a,e232bE19,20723c5F,bAFAF654,6EBAf186
01aeAFB9,24a1aea3,aAcff74D,dFE7aB7C,F157F093,f3e52f62
0Baf6aDE,dAFfE764,E4d45118,dfaBE7dA,E1d93e31,Db29Faaa
01cF6ddA,2Dd6aF3A,F40EFCa9,aFb51fE0,763cdf30,29A4E0db
Ac9fCaAB,b94dEb24,abEdDeBC,80571DB1,8eadBaB5,8b841820
c4F311eA,e9622eb5,d72B40AA,8e2DdfdD,AAf08Acf,6fd626D1
60AB01bb,08B61FA6,aA6215F3,E822Bd9F,28CAbfb4,f17DBd8B
1Fcf2cCE,BC5bD4Fa,B08cEeD8,D4ffbDbD,C9B1Cab9,7cb9a9b9
b11cDe6D,a86Feb68,3A2E2B5c,Fd0AbeAc,df3d1eac,132fe8F6
2cef00ea,A1dcEfe5,a9EdfefB,Ab6F0b33,3F32c84F,dFB9D876
7CC5eD16,A9da2b70,c5C5315A,5DfF3Ca2,2f879BAd,df8DC111
75705987,A5bf1DF9,8dfd7bAE,ea7FaC62,a69FBfF7,bf6320d4
6d2B93F2,2923CaAf,a19A3832,cae469da,52AFE84e,dbD833BE
402Cd93e,DecEf8c1,A2fC2C35,6c6AD99B,130FCABb,9B0FBaAD
Bf7B827a,BD1D9eEa,bcfEC0b7,bfA3dfed,F9b2Ff31,BAF8c787
B7e71CcC,c0E590Dc,06bDACEB,4B5D8b82,c60ad5Ab,0AB2fC8C
F7D852f4,D7CB52ac,5AcCB990,E8e89de3,81D5a67D,9f9981EB
ecc6Ac2c,1cb2Ed0B,02Ebfb9A,3501db58,E56bCBdf,2DFaa3FD
EE7Ea730,2dAE3e00,FF1fd9dc,a4b4C2D7,Cda8ddc6,5c34ACcA
edceb2Db,0Dfe3d1e,AAA95c3b,36C8E2a8,7f6D0b48,012Dfb42
Ba1a0ca2,2bacBfee,EcBAB68a,98Fe3CD8,AAD0c1ef,6fde8Ec2
dC40aC89,C8298Bb9,cdbED708,08cC142a,DbDf5aF5,DA58EDce
fcA8BAFD,F39D9a45,B1EE05d6,0c9d052c,46Ca0a1e,1eCb4dE7
2D57A34c,f6ffe5f7,Ce469A20,58f7EEE6,F8fFA61c,bca97De8
cCd7C9e9,BAF92Ba3,6d5dBa4d,7e9F8d1f,AcF9eADd,74E15F6b
2248C8Eb,A3ea9e3d,694aFa2f,90a3Efd9,5fE84ea9,82DaDe17
8aFc21AE,CE280bBf,64aAc1Fe,cF8534fF,Bec58FAB,AC250E5E
3D63feCE,e30c24Ec,88AE7afb,D5D7E98A,1E38dcE1,D439EFC0
f271EF74,5a46D7a8,1D689eD7,B7fDae0e,1279FfCd,4DDE100D
7c647AB1,8db3FB0c,0477Ee16,6EdEdD6C,DAFC3C6B,b70C2D3E
55Ae040E,fAb1f6BF,6eba98b9,92fcCc4a,10065a29,d5953Bff
fef9E6Ef,Fee6209E,15f9AA2E,ceCA1a1e,3bdB0590,aFB7B076
Cf4a6abb,F3Fc7C07,9F6Ca219,2e1Abb54,e659aA3F,F7DF6dA9
59242AaB,514ECe8C,cD0F0b36,Fd4E2ADC,366EfEFD,c91EEB26
142E6F84,A65BbD28,6e4Ed025,66Db36Db,4Ed2df41,8d87F6ab
75aeFC35,FB28B279,d0f4c5Cb,923bA6E6,1De6afB8,af98cc2e
DA6Be4FB,2a99d138,8A3b9D9d,99ee546B,E19ef9ca,9d3B2fdA
eaA2709D,3ED8Ee83,F537aaEc,2bbb40D2,57aC9eEf,9ddAb73b
449EfD34,D826B0F7,b59E3c6b,d01A6B5A,8DB359f0,aca184Ff
7E8D09Ce,5b9eFB0d,3A70B63C,ac6AD884,6B1D2bce,333cD894
6EeeefDc,39F0Bbeb,21ed61A9,A27baB03,f56cAb2E,F1a3ED2A
6D30b8f3,0AFC92CF,83DAdBDE,7A071CCE,D9317Fd6,Bf49d7c3
b9dDe5d0,925Df769,9767bec8,07f8f5F5,A91a8d67,A5514b70
3cF9A502,d8E31fFD,4fA427BB,8798D0aB,21608ab9,Cb48bedA
B3EafddA,b6F11Ac3,BaEba710,B24Ef13d,A1150080,DFd98f3d
aFBf0e67,e59f52FE,EEcaDF71,1A1D866d,bbAc6aA2,EdC0C65C
5eD95F8F,Fa330C3B,9D2d542c,8B1FdB8b,3C3bbEFF,EFef9aB2
eaC920df,7856F9DD,FA42Ae3e,B79Dc1AA,a1829c9C,0a71eaCd
23d1Fa1f,b6ab0BB2,e90f330f,cc98bEA1,bFfd27DA,FeADdCd7
9fa43B3F,ccD3E35D,642b0E63,4c2Af666,D7aa94Fd,3D2FAEe4
0b21c41b,Aaf1b7e9,Ac4a5602,7EDAA6bA,A438BBd4,d4020Aa0
653EEb1E,175C23Cb,F9F33cf9,A5Bde3e5,5A8f12A8,6cf4DBaE
F840EC3F,5dd14A82,67D8a8Da,57cdfc9f,3a09CDAC,6Ed6106e
aA1b3CDb,EDBDC54d,F2168Bca,6DDd7B8b,cFce55Dc,Ff88229E
19Cd4DA6,E4bCCaAb,cfaC04c1,2C99Ad67,54Ca583f,Aa5BF0Ee
450cCAc3,7f5b52eb,0A1aC7DE,Aa7D3001,06bc3Cd7,A1aaB530
D56C0eF8,f8fCD005,FFbAC2bd,Cfd6Eef9,92BF467E,8072bF3E
bf56Ad1c,09AB0469,25cF207e,c884d2cf,F1c302CD,93aD0DAd
15b1d04A,8C4DaA71,f1daADCA,dCD7Fe74,7F6e53d1,f8567D75
fDeC6549,11D0E9d7,f5aeB7EE,A33a9ACf,6ACd7D34,5f27d25E
DEDDaFa2,722aB2cC,2691cFEC,75A733aC,de64aAAF,Cc286470
cC89F1Db,E45AB6cC,cD6b054f,A65f47D1,8DcdAbcE,71834e16
4bCf03f7,eeb1ED6f,ebEbFd8C,eCcAba9f,E99Af861,e1aC2DA3
6fbd29ae,eC1a31bb,2BE3Cf29,d29102bE,974bDd92,FE944dA8
983bBd1d,ee045282,9E1E4719,F066B7FD,ED7F7A46,e2bfe6Fc
B39E7BD3,D7B39BEC,3a1d0EcF,DDB6b75B,CE7D0225,c8103b68
FdCaE227,DE4F9Af6,e13f64Ca,1087D92d,686734F1,9dbc53C7
272EAfCd,1A5B9bC2,7D79f2AA,9Ce85ec5,CAcE7F8F,468DcFe2
0C03DCcc,8FaB0aCF,265B2Aa0,EeFdEB7E,17601723,df2769fb
d028cFc5,Ab0acfDD,2aE375bd,028C8cB6,fF14aaa9,570Dbd53
Bb0ebbfd,c3DE7cE4,eaFa8ADb,8A290641,9A2742CC,eB4cf5bE
9750aA0d,E5e76A74,df7DDdDD,ed23D602,4c4F66bF,A8b4E171
fFf33f9B,CAb486bA,cf709AC0,7Ec5F732,10BB889e,CEAD70C7
6C8E48E8,5aCF2cD2,22ee520e,58f20BC2,37F9dEd3,1cE8c6AE
8cfB4D3c,CF7aaACd,aEF2F3A9,eF1ece0D,Eec67Bc1,60a11CA2
aFa56d42,c8FA99de,4C5538ef,e2c20d71,e6F32A11,1fDe2F18
Ce5440BA,A0c7c8eF,2C693970,2cDF8013,380bCBFA,18aAB555
6bb8aD69,87dC63Dc,407B139A,43d92D31,A8e98777,aDCD026E
cfe2D172,618d8bf8,BA2ca2f4,7119A4c5,52e8A5BC,6bF9A24C
75CCDAF2,26f9820a,bf1ac634,4C09a2E5,F2BDacAb,a56a1bEC
97CF0eB2,ec0ceDd5,edFEaaFf,10D6Ab4B,0caFdf36,2Fb49CF0
1bfaa6C1,FE09A0aD,02539e4E,DccAcbCC,0eA476bC,e1d1C4F6
21036413,D285Ee1C,95D83908,5698349E,0e6421DC,2f648f94
c673CAca,AF170fCa,89b0D61f,ADA6fDFe,4DFACBAd,EF56cff5
Cd0D6c3D,db3Ec13E,AD8AFDdB,cEe8E856,BCD9c6de,Ed2200Ba
1CA1238d,386EfDc8,2e2FfF5D,B0b7EEfF,2c6686b0,B044c701
a363DE9a,ad7DE0fa,ce29c81a,6611BCf4,afa7be2D,3e65Dc2d
4Cd5CDfc,b2f82d27,522bAE89,91a44A0F,b197e63c,BdEF1A2A
512ab4CF,3c5Af8A4,c6C57D5e,DBA87939,3064ACE1,85A2F3a5
5edAf10B,660deEF4,B6Dbad02,d85F8cb1,409B44dc,be7DcbFA
755F3dB0,8dFa5AF4,81Cdb7e3,99CA3eFe,cF9B6A1b,82d4AA2E
55EBF3be,ba69AC5F,aeceA5fE,4d6dA506,ff6110FB,b1aDA0Ca
7a5B7a7C,dF5D20Bd,8CB2D3ff,5BFbA07F,465a4aeC,fc762289
CEBCa0C6,3CA67889,91e505B5,61E9bEAE,6E0de2Ad,a977C0e3
5F89CCEe,06854C39,A6b1d1B6,aDd351A5,1fc1FaD4,A35EFFB8
9C2E6365,CAD799E3,6CDDE5FD,8D0C4Bff,DCCbfD2A,9eEfC5C4
fCd25eA8,6f3dE53F,9905693E,8134A5D6,B7Dbbded,0c0D11d5
1AcF8Eef,0F42deBb,d4bD1029,e3a9FF74,34dDcB63,Be6b4E3e
CCbB0ec4,A5c6CDF4,6a5F6c42,Baa53F08,1BC05E7E,bE4E24eb
Cb8C0E4a,2e827b63,8aB0372b,7d7be2C6,5f2b4967,35aaEaBB
87aBfb91,CdbFAA6c,CDEdb5d8,1536baDE,c6A65Aaf,0cCEbF1e
bB7CfEA0,C51e711d,A49Ecf0F,AB87eB3b,FfDcCa7A,a9F3D0Be
1E9dD697,c1A7Dd05,ffA5d7DE,0caB1445,CB0ddD90,C2247960
D9CbC235,CC4Cf584,a8D5C9eD,DDbaBc8E,f2ADD4cE,CcC8d1Aa
8b01FC7f,965B6074,dbDb93b8,FAe9bce2,407f9b15,4eF0e3cA
6accfa06,db6a3e0d,05B0B775,D7BD8328,30A8aFAF,61fbC1cD
6dBDBcbC,F0d580e1,9cFaFD29,F8cF136b,2bF3FDaD,993e2B14
b70e8A35,D38e6F61,b173229F,c30F7eaa,Df8ECcba,c8FFD3BE
7afAEef2,54DCDBb5,Caf956dF,1A8dE0F0,DC7a0906,EbDDA80a
5a80e79D,E81fb85e,3a8F401a,FbeDE2ce,c3aE2D2a,aded4db4
7556b97D,EFC8efCf,7EBA6Df7,B748dffc,97c31cFb,b7fAefc3
Cb2b53D3,007DC0F3,A7Cc2ee7,5B8d56ff,F83D6CCB,c7363C8F
dAE8fe13,7eFD1f4c,3b0F9adA,AA8276B4,5727aeb2,Fe0Be66A
1DA71B4c,A06eA3Fb,F0Bb6943,Afc29F7b,5dBd69D4,C56500cc
fB8b2ec3,eeC70F9B,2A7acAd6,7D487C45,56dE2A6f,ffCdc780
0eFfACDf,aEAb6dA8,d27Da3B9,4fa2FA94,77fB34c2,0EcC2cea
16bcD83a,c2b577aD,D48d9da8,BDb2e0A3,eF0Ff95c,5246cCe9
7eE28CDe,70DEf926,D4a62FdB,Cd02C277,e9d906aa,22c97fC6
Fd883B97,CaED8A68,89EEf2Fd,7A83DbA2,e469fd5b,BbcBa0e7
BDd3b999,888dbcAA,5AbAC36A,d6FdAEcf,60abf3cD,F54C118D
a38Db948,197fDd4A,69aEd256,EEB93A82,4AA5C9cF,F4eC95d1
754EaFDB,6eEc4E4b,B41c7a20,BD5930DA,B503d9eD,b8930c40
1976eaEd,6Fcd0bD4,bF5A731F,afb233b7,ebEb717a,C230f5F8
Bde9a0a1,289574A0,dc528D9f,21fFa2E9,6Be8aC80,3Bde0FDA
3fbDe48C,6acf34A4,ba1a813A,8230Df26,41ed2bC5,A150a3df
0e8810D9,14eA0Ef0,722FeEEc,250BAeFB,3e4EFe4E,91BBf2BA
E6dF83df,316b1054,Fae9D140,eFaefdf3,aBFE8fDC,99dDc0BC
A271AaD2,2d26d7ab,bfA1A3FD,8247Dd04,CdA65F5f,bc1ee7Bd
4Fcc20AE,8AfA9A45,16CD5C2B,c782F103,B1f3aa96,Dc5272eB
2e9B3a2F,bfcF9C87,bb6dDDBF,4471E8aA,4A3F2ef2,Bb43b1D8
ADcA713D,DdeC6ecd,fAa6c00F,bb2Ec8E0,74E7bAD9,cE8A01cE
D87C18aD,D0BcbcFF,DdCDCeDD,C4861cFA,91bDa3ef,12F28fD6
1c1382F7,2E8e5f21,bE4a135C,E0fA47EC,FbDA1d4E,5854e2EE
2BdcCd88,cF09d7Da,9F7ade45,68f9aFfE,ca3be7FC,Cf6DBaF1
EebA3b45,bCA85e2d,4Fa3dd6C,eAFc29ee,0ddF9cB3,AC10baC6
7dcc6bfe,E7F08974,De59CDB1,Bc41bDE7,37c354F1,f44A0CcA
DAA6e72E,205DCa52,dd34d3Bb,5D64c4ac,DCbCBEd4,DCBb11bf
C7A34df5,A74fda5d,AAc1160e,61ACbDE2,46a8bc63,3deeFd17
7F1BEdCE,76c9274F,1cC6bf39,5AacA779,7625b2Dd,EdceE678
b82Bc16b,AA2c505E,D09EC6F3,63D354dB,5e9dB42f,434dCa05
3d2C5D7E,B26ce7f4,a6634cCe,4b7CB2df,A3eFBA4d,9ea1F6eB
7CAFBfCF,9f1dfAb8,BA410cfA,DbBe03b2,Aa92752B,fDC54C4b
AeC83fe9,4bb340fE,8bD80F4f,aFC3FFeA,43E8eEF3,eDeBeABD
c5c7aBcc,FED3BaBD,fe1c07bB,99F0cBcD,Dfcf3B7D,2acCbE6C
85f34136,2F5D9355,C3Bad0Ca,61b2CFbF,fE462F7a,A38Ab4dB
bEE52D8f,3B9dCfdC,32C1a2f1,6Da9edf7,458EB0Eb,20D826e3
A8af3053,AD854Ef4,25c5f4cf,F8aA6Fb5,D1e18354,8D9FE487
6cD3963a,E8C1d777,36Bf1db6,8B75F175,e2F0c06c,d7ea2fEC
Baaf59Af,fcAbAe30,4A3bbbde,d6F4b5Aa,48A222cb,c90f50cc
af1D1fFe,7B080f01,A776499B,3f38fE0e,a1acfCCa,827cc4a7
bF8cBaec,3c9b850b,c967Cf05,d8e1b1ad,CEB4edea,16c2CbDA
8b5a8E4b,a33c8C39,c8cb1CF9,E09dbFdf,5c6b6Fea,0bb53a3F
89fC4c68,eFBf6E0c,432ACaaa,30EE7744,FFE7FfCD,4627285E
cBAaAD5f,5cd87A4d,46257824,Cf3bC0e9,d2ECEEE0,2fbD7E3e
2A7e1bBF,A2496e78,c27C145B,6164Aee8,1d6dBD47,B6cadd0F
3ECF8Abf,CD6ad7fE,9CDa9D4F,4FE6D88E,F01dc517,4c664D5F
CaaF6CEF,217C9A25,37348313,e6Eb9557,bA9FBAe4,11590CB4
FC62a997,A7feC249,ebCe7C2B,f3Cb3996,B4A83f65,eAA68635
5B85D9A8,89eC464d,dcE9d3Ce,E2c477bA,8d0fcAf7,58D3Bf7d
5Ff54abC,C0AA2DBD,4b5B0cAb,35e2AbFF,DCa3EcF9,5a79a790
B38f2eF9,8cD30C84,f15a1C9c,DeC31ed8,d1495BF6,0f088AEA
30332cEf,a17817DA,Fb6bDEa3,15771cA1,2D7cFBb3,37eD1623
F17a48Df,b677E52a,Ca84810a,d6Ae3776,152eC1F6,A971226e
cA5BdAE7,B5B4B064,ED1EcCF3,d8471337,aAbCAaA7,63bbA2C4
C18d1b80,AAde76cB,e85DFc65,9fE2fa00,bb55dEFC,Fd2e2E41
78C5FBAC,adec5d32,00F30aB2,D4BFfad2,edEFCC87,A41FB3EC
057AC96b,E999EeDB,119B867C,90dD038E,91e7c46D,CE6AF6de
4aF8297f,e0ec0CBf,2E20c2Bc,FC9BbBBb,7bEF24ff,dB48f55E
2BdAa72a,c8eC5426,Eeb2fC30,aa7A0FC8,d7CCEE9a,0d8DbAfa
EAfca6Cb,8Df393F9,7830Ff4a,ACDfcCA8,75BFbd2B,D23be969
baB83f3B,9d8E60ca,204aDD00,8aDfd19e,d584abb2,0AB383B0
13Ac80A9,7dA8Fe9e,65aBF9D7,BC1ccFB0,e9F1cf5c,b24cD11c
0dc9b7D6,ea37Bd20,77be45DF,a6e98FBe,3A68D227,226d58d8
f2ADC24b,Dac5C75B,948bEe66,b3A48E0E,054aDcDE,A14b638b
9EE4fC77,33296214,5FD0816f,173E0268,8ED92E3C,F4D6aDB9
d25aaDAe,e6CeFCfC,984aa370,BCacE988,4b3aC91e,474E53Cd
9FEfeDa9,7a3C4656,B3a6a5b7,dB4ccBD3,fEe8F54C,CccB0348
7dBeB1c3,107a972F,F4f5C68a,8a6170f6,e5fCEcEA,0df7c2Ef
0BCc56C1,09dE30e5,fFEec5fA,2b6edAc6,7Bd92cDD,bE97aFD2
49aCEF4F,E72e45E2,D5039e4e,bdfF2EF9,ddd39fCB,4a06bc9e
D45Db2fE,1973C8dB,3D79AeCf,Ca82AC35,b8A2b044,f8F5C9B5
78fead36,Fe1Bc46B,E4408CcB,0774AB62,95f4fa1D,2cf5cA3b
ED07B9bE,c191E1eA,eE335EAb,A3eFc7E1,0ABD4ecf,Ac7CAf6D
E92ADD31,EabED26B,7B1ddcE4,D0eD7Bf9,80DE480a,e155ab4b
2d7a3730,24BBD263,FC4Cfd42,8D54e4f8,EB4FB294,E5AC51C1
d24B87Fb,6aA80E0c,Ae1ad370,d79bA0cE,FffFa6E9,4F86e66D
Ddc79EB2,cACAaD8D,27fB5824,FB5Ec75E,CD0dfE2C,fE1b3cF0
B6Cb31e1,B0ff0BFc,8Eb66ef7,98F79ED3,f8A8bA6D,1CCD9AF8
fec0dfaE,Ef4c16AF,da0A4B9b,Ea2fAFE2,0CfBEe6C,c7fDDc3b
bb1e7eAA,bFdecACb,D36DB07D,B5C0e8bb,59fE83d3,87dACd12
EdD514db,63204b09,89419d3a,E75a85DA,2fDdD9A3,CB1ad539
ebE1e07f,3BC3aD09,68ACb4fB,1Bc1ABE0,BA0b70af,6Fed5Fa5
a25015Ff,42f68DAf,Aa3e1cd4,0F0D41B9,4c4Bca73,cfD170f0
016efC7d,dD414Bfd,34dfABA8,5A5bE43D,0cc7070c,9E5FaE2a
d4F7CDDB,9B8b28Bf,5f8a00ed,9Ba052dd,0add40de,aaCCF3eb
DFBd2f95,Ea9bAfE3,fc0EBFF5,F2D6faeC,D13C1DA3,F4dA665A
E8AdF4a8,b3B54F6d,6Ce2aae6,8e430EC8,E6dAd161,FB19DE9c
e1e34cAb,d1a3D39c,27C4dFE8,C93cB8b1,8B9c0eF9,1FdA1Ea9
E9ae3D8c,089ace5E,137AF1ec,a4DE6b01,Ac7984e2,e8AEdf6B
4A120FeB,a35BcF6D,9ee913Ff,35ae8D18,70AeF9b7,0802BbE4
D428F8a2,e6D6a0Cf,b8993D3C,5Ae81eF4,bdea49AF,ab0B02c6
BAbe98DC,f1FD0AE9,2bdBfFCA,c21BE83E,3fEd741D,B6E2cA3E
48dB36E2,7fCA67a1,290b19db,940bAEEB,e6bAC9C9,B497c9fD
4EfBD5fd,BC32FC6a,5BA2f4Dc,6fFfbb78,4cdfDDF4,97b4ab2c
6193Bcbe,A56Dee36,a5a8EaBB,05dE651B,b0F57cBA,6Dd6cBea
AD45a7CF,7DCfA6F2,7CDB635F,1296461f,E5eEF38c,BE1C522E
0fC4AdEc,4dA0CDbD,44D7c1f2,4cFe82a4,aC6F0664,edA1739D
6e78681e,2a0fEa85,67df8A03,8adC0ddE,Ce3dac61,9F5Da8a4
daD2DFff,df3ae5f1,0497cd87,7fF6Febe,beAcb6a1,FA6596aa
fef82dab,6D75505b,6dd8FA95,Dcd28b56,AA5c0c46,696095C9
218CccCC,68Fc4257,8B8a41b6,e933ad0D,70D1989D,D20c0eac
a093922b,57eaE1F4,0b47E5ed,d2A3Db43,9bEAec0e,eCBEFDDF
6acCd53f,Cf9ED7Fb,8fD96cff,DEbCbCEf,337e99CB,36Ac0017
b51d6Cf3,1dAA6FAB,8923FfEd,ee948bEe,f82fF8bc,56edb8aB
db3ea3aa,6cB1A7bc,eCcF3f48,c7D4E6FE,CbE885C0,a59AeBe5
D38a1C4b,dFc1FcAa,a0c91C23,E63e58bA,1E9D9dAA,11AD8bC4
ef33feA0,b0371cDA,FdAccc78,8Cfd04fC,3d371ff2,F6cFf8D7
1ec6aC6b,91cdfFfF,33ceaA5B,F32aAF1a,E4c5A12C,d4ECD94D
e4B79dB0,01D50EcF,aFdFed2D,eDC2a597,FfE6CA45,21f6D5A6
25D8F338,FF43D6A2,ca69Dd1A,E524C809,9Efb9268,1eF37c6e
357B2cf4,a08C4eAC,c45Ec5d2,5Bcfce35,0AbC5f9b,57cae102
dC0e79ff,Dacb5935,7f7681BA,30ceAfcA,0DC3dbCc,9e6fEbc5
416BDe96,841A4Dd8,5aFeEE7e,E46ba5a2,7bB7A95E,2DFE33D8
dE1ADA1B,A97EEFE4,a90b6B1e,D37a7C67,b47Bf4Fb,ACb889ef
25C5cdBB,ccdF76D7,0C4Fd1a6,Aa7b740a,2bFefEE4,d8FEadCC
b0D4676B,a54739b2,217e76Ad,f5d3eA57,5f0A4f50,365B9b73
18F222b6,Eff8DCFa,6a376b8d,7A3087ef,D365B2E1,715bceFa
fBfFbA31,3A6bd59B,FBcB1E35,a51AaBBA,FEfdC534,F9bE9cC0
badA4CFC,aFEAABAe,5dEF1c60,36EA8e2c,54C9Bd53,A6dd3ae6
3EB7eF8a,bF09Fd8A,Aca6CEEE,3da5395e,Abf2BBcF,FDd9aDB3
a6ed303F,e0a39e51,CBB85a5e,cC07cd55,0a5D756F,6fccb5cf
cB5a6C30,2edEfbf2,09D3cBcE,CdCeeDdB,3EdFD7Ae,BF2aFbcB
fEAd9DDc,9F858E5f,AcF6aB95,2649804a,F2aC0B8c,0Ec1AAad
8f80A9D0,11d3DE52,4850bD8a,1acA107A,0c8b9Ee8,6F3fC4c1
DA96D9FD,bDE5fC83,c726f2F7,cA683Fae,Bb3d2571,b8C5f973
5A02a1a1,eEd1c59d,dbFBc9Db,4fdf9F5E,Cb91bB2b,Ab6b430D
Ccf01Db0,dcEB74FA,a72d4c1d,cc82cea7,aBcF75BF,2AF584E6
26AE0d23,Fe9FEAc4,ADE986D6,62E25470,C029C442,e2FEDAcd
fd0323AC,4DAc2EFf,0FcCff8F,50dBAB6E,F589F902,637CE3a1
cdd8C7A1,28e9A0DF,5a1e000F,85fc19C0,A612fc8E,F0FdFe05
B8E22DFD,aE53cDEC,0b6fFfcC,Eb02bf8D,DF56F39f,91fEd9F0
155a7FdC,Ac872d1C,303Ae40d,D94B194B,386e2452,0EF33D1d
6F14f7a5,Fe933ebe,13C6ABDF,39bfB8A6,cf42d56B,6bc54AcB
c3EfE4c6,ab608d9c,d62c1F69,3fC158BC,CFDCBDC8,597fbB6E
5BbA09E8,3BA47c9B,d7bAd9C1,2A8AdC22,185cB0aB,dfD99a13
85bee215,bACb458A,D63DC717,27B67427,fa0f650f,6BDb0f7E
b82AbEAB,9AeEF9ED,fe9b8d0A,bA5B21aa,eaf7e7BE,Aa5464ec
A43759E8,a84bec91,612ccfCb,BB521CD3,18ADb0De,2d6cB14E
Cb3b6fe8,Adad28Af,28fdDBEE,00f3BAE0,6d84C2Ca,16e9AB31
6F0dfECc,4C37e7E7,c4BDfCA6,Fe36369a,F741D3fa,3d3D0FB3
a164d45e,EEc14BDA,d3a6C827,eEAe0c71,DBBDE7F7,37ADfAb5
Dd4263b0,d0ea3928,0265EAeA,86b56D62,EcE6DC90,F2CF9C49
b3Aecd33,D7FE099b,Dc125B74,b8E8a81a,CB08DdD6,eEb7F823
28A862f7,04E61eDc,aD4aEb6c,1f44812d,fdD48bFe,5b48d58B
bdaeD8C1,A14CDB16,3BBd7E0F,0dE8A29a,eb18A7ec,f2BeCefE
BCA5ba6B,7433b6C2,CDDf439b,565DFc34,604BFF3c,c29BAaF3
B9E45C6C,a2bAbAa8,01455688,90FeCb0B,76c5c9A1,9745fa5E
Ee9CC740,B5AfdFcb,011014bc,0fb96C5B,1dFcb2BA,cd0ADBBC
85418Cc4,cAbC5cfA,0FEABFEb,DFCbbB43,92Ac3956,5E8c7c1d
aCd56CF0,ADDB33C3,C97AfD99,AEB1dF84,Bf1a048A,Bfcc7FC6
8Df0e2ed,Da1E5A25,BA000e0f,393dFf62,Feb4adf7,cB9a3Fee
c4A0c6AC,a61fDfBe,B42adba7,E47BA56F,B3e0afA5,F0E4899b
EbdA02Ed,Ee8EfdEc,aCcDd0B0,7beD6ae7,1E8F2EDe,EfBc4f48
633E9abc,1DAdcdf9,aEfEEaFC,BCBA3baa,E2d0ffEb,8fc0eB52
11328C2e,FB4a49A0,c5fFd2b7,3FA61bB8,2C99d2fA,4C47De8B
4aE055d3,cB18DaFc,6605C2b7,Ab676AaA,907aB058,BCBf13AB
bCe1edBf,E1AFFe2e,5edbeB6e,5fb7a6c8,E3DAdf96,cf998FB2
3fCf3cbF,f3E59E34,aeC0Db1A,dCcba2dE,5bFe1806,540bD4dc
280D3edd,27A26BDe,Ef2B0CA7,0cAe9Cdd,CFF4413B,C1De95F2
adC4d1fD,8F26a07a,aFa976D7,D7Bf45Ab,9e6bB769,dF7Fa46A
73E3Cd59,1Ae2997e,A0C3EBff,ECd9fb6a,EEa89161,68AD1FF1
7a2ebEB3,8aa03Eb0,b80a0DaE,d3005eC2,D3EEDec7,BFc6dcaE
8a6bf2Ef,C7414Dd0,38e403d3,f74AEC9d,07CE3cf7,Cf2FC3ec
4CA8F966,b0c7B2F8,C32E1a0E,0EE9Eb1c,fFf80F15,331BC7fA
BeC3DE21,51b86248,32C097B2,6aE6d6ec,10F449d7,dCCCbEc1
65212C9b,3afe34B6,b8824FfA,8a528Be2,f5fad312,1Abcee3c
182dbbAD,89647353,B16ca6dB,50Ab8Fda,EFC8faCB,6D2eB5c4
edC2FB40,DaC8eAcf,e15EA751,d901e2f1,4bfAFbAc,9C5bA101
eaE78fAB,A5aaA2fA,5EbeB73e,B5C69fCa,EEADC8E0,E38647FF
Dbbd3799,F92Ca7De,bA54802f,adD52c85,E7089Df7,BeDeb58C
025Ef05d,2ecD0427,BB3E1d73,Ed1cf7D1,5fEfD005,9f5C690c
dDF3b7eb,befBBbb2,c1cF56E8,92D9Dcef,36B6F7Ad,d1153Aea
a13f6C0e,12d84Cd0,67cb02dC,Eb8dF2C1,0Ce34bF5,3d1E0E08
Cbc98f4A,E39BcBDc,a2D2DB2f,8EC0f8B6,f2AeE65F,3CFB28Ed
d54BE48e,1c65C811,7bFDCB4E,cEe9aB5d,101ceF1C,F2a4dbBD
8a4ac9fE,4aAC9e0E,90Cab2ea,602A0fAD,0Bd2fcCb,F0ef8dfA
50Fb4d6D,B184F33e,05Ee5590,CEccFfAe,e7eD3C0e,25c0Cf0C
F7Ecfc08,5ebEC6AC,3e1af938,6afa668B,1B1069c6,40E827E1
8e7af6Ce,A5db790c,8e83AEE4,dfeAAaC0,Cbd34fAC,d649d7E6
b7A940fb,1299aA57,fDa42f93,4FEBefdB,FB619D1f,FD606Ade
FaC7B8ff,d07fEbCa,15874666,eb7DA4bD,dC1aEbEa,D4611Bea
6E18993c,F9930cD1,546Bd72f,198E0949,c33DbB88,c27BA2B8
f5cCeedA,753915B1,62fBa305,daE83BF2,1fc48D9f,49DAbd8b
fAEdCecE,4Cce9280,fDa84DE2,4aeA33B1,Cbd3aEE5,e8c88B4e
3C510EE5,9C1Eb6bf,BdB4cbC5,DfB05b9b,BF7aA01C,AB215F0D
eA6e0E6D,c271Cac6,5dAae0aA,bC90CE07,C4Fe46Df,28ADA17A
9aE0B3a4,E5735de5,FEA17F4a,cbE1E622,DfFE5ad4,A311eFb7
F50aad1B,d9756BFf,9BE6e4ff,5Fec55Ce,9b6372dC,074db16e
1ae9cB8C,d6B18CbF,10faC7E1,FFdaCFe5,d3540Aa9,5dbF4F07
e2B3c3e7,eB2B9892,bf3aAAbb,e827FAd0,B1DCe69c,Ad7FdDc8
F417Dae2,fEdCE007,7BFd3cCA,61e0aa56,31bb60ae,b512CcAD
fa6F2370,e1cFCbDa,381Cb467,2207ADe6,c003aea4,b24AEd0a
beb61Ac1,Ae435Ba4,F118De98,7FfdCC7E,4eA54EF5,be3CbdAa
dc006b4C,E0fc8f7B,96b09BbA,DADA9bcd,e8B20fad,b33d7BA7
AD48F5CA,a1EfDe29,043049b1,Be9BAebF,6DAa7F6f,80FCE054
954a5f8f,78B5aa43,04eCD4DC,Df6BeFf4,4CF7a3aB,2F49bBba
eB83A5Db,9Eac37f3,8fc6b62b,a049DC6a,aBeB13ff,aaCf6Ff6
29AD99f6,b68ce2DB,1EAb3AfD,d4a0Af8e,d8AB6b6e,8BBeA47E
3B5aD4b7,53C84bbd,e0bfCdf0,dB0fabab,d6ED03ed,5cEbe64D
44e110A4,ffc111d6,08D90c1f,1AC4ba8A,93dBffB1,2853E4E6
0dD39C1B,fdf38EBa,08f0c5CB,04d9E85B,B362bcbB,e3C18ddc
bEEbC9AA,604bC30C,76f97aC9,F63cf2CC,Eb0FEC46,CBFDfcC0
F890AD85,fF99de54,ACC6Ff8E,50FE7be4,A0aaAFD5,04Cb52EB
FbECBFdb,F4ffF329,a6Eeb68A,eFad56c0,E6bc0Aba,78eCFD30
0E6aeB3C,79a65bda,4131d629,Bf193b6a,56b4B7Ac,66abAB9C
A1EB3596,Ac6CbcAd,c52B13AC,4eABA276,304AB6BA,3efc3BDA
181fDBC7,4dEF8108,aF731BA9,1fA4F1Cf,cbEb3e2a,aBEe4902
DAeCA197,B62a82A1,B7e8e01C,ABDa51Eb,85B2ae7C,AaA1EE8a
Cc6d22FE,deCeCC4B,FaaFA44e,Ce19261A,F3BeF506,82bbF2dC
8638EA69,49B5eBb8,82e23DFE,660FAE53,F9b1A065,64c39DEb
4a2b1DEC,a6cEd34F,c26f97F5,DA2FF4CF,bCbbdB22,c0eA71d6
6d3B4cbe,b5F5a833,d95684f0,026f022a,D2e52AC3,Ce123d2C
ffFF6Ae6,75Db7ff8,67caACed,58B572Cf,62EDcCAe,AEFf46ff
Fe28164C,0DF7056d,EADDcD26,5dF432Cb,C1147DEa,fA4cA4FB
32D7b67b,0ce0f4bC,b6FA9Eaf,26aA8aA5,39d1C1Bd,5034eD21
df764AC5,8792EEe9,eECa7AFd,0e96Ac4a,797F42Ed,0dd5C311
0648Bd4A,118E97aa,1264d6A1,6E8AE3Da,A9FFbe0f,546a6B47
FBC9d39b,7FfdB80a,b7fC1AF6,66bD07fc,f64d3fb6,1CCaB105
B47Efec8,dACa8e71,3f3BfB3C,95e2FaBe,7BaeA844,911aa0F2
4C366Bb0,5d71bddB,3efCedDf,E3dc4A29,CAc065F6,5Eced4Cc
0dA152Cf,e2fBF80b,d0e3D7Fd,47ccF549,D7d6c572,f840bCCd
ab6CED0f,E67a50c9,84CCEf3f,3b8C38dA,F6E246cE,5ED352Be
9d7d0352,EFB1B57C,02FD2595,EBCe29e5,BDfb8Ba5,7A9aE477
E5BACAD1,8eC0a1fD,DA6b8CAB,6fFee03E,F5C33dCF,bDA1E4a5
a7E56baE,AFD76f4a,6918A45D,1c045d2c,8E06aaaC,Cdcb9dd8
a78dEddA,FD7EAbCE,69aaAD7E,65FEAA0e,456Dd910,a8DAfb28
9BEdFBed,98cEe363,2A157C6e,1ef3EDE2,FEdDDd5A,9D54c911
8aaf4876,56D14CB9,0F5f62cC,EfB2CEaC,cbaE2dCa,FED6caac
49e1090E,5964d447,af8dCB9f,11D2fFbA,B684Ce3D,fCFB5eaD
6187eDBa,ff349011,Ee6B60ec,87bFdadA,54e64a30,aAAdF7EB
2841b384,38B66D3f,EcBDfa72,d1A4AfbA,D51BF228,9Dd7B4d5
dE80719c,c2fFF92d,6CebFfFC,0fc30f71,09aBbbB1,dcCaA864
eFb35BFc,e64F3DE2,f2Aaf9Ae,fcaA22bB,6681e164,90d58B4E
14b64DD8,bFC89fAC,80B15B18,782dbbBE,EF06F7a0,BB43d09D
BD45db62,9F95bB3d,f9ccfffb,2cad1bE2,df1Dd7e8,b5B30eAd
6608ee9C,EC5bdaEE,d0A6F0Cc,DedE5f71,fa1E4BBe,Ceb2beAb
61C8AEEE,1BDA6490,8F5064Bc,F550f65e,79206879,dF32FB12
FB1Bb50F,D90D7b67,fd052A16,62595B77,7784cFCB,CF37A377
2fEF71AC,025EDA6B,dfD1B492,17b3dbCD,B4cf047f,DEC156E9
cDafb79F,4307EC92,E1BD6b4c,3aeaC387,CCdc1eF2,0a29bcad
3Afcd58C,eCF2b49F,FAD6FdD8,97310a0B,1eD0c0C8,fD6D9cb3
1acfc32A,8D5bd0ed,4fA86818,D8Cb4D35,1ffcdb95,9A6C1c7a
BA2fD8F2,D6F617bC,3B8Ef1be,e5dfd3DA,d7d292A9,7a2BDb81
f9B93c0D,7FBfAbEE,80Ba9a99,A2a06CbC,7d10aCce,B4eFa3a2
efbfeB87,f6D14F94,AFa8b0Ef,997de249,6e0AEacf,fD18dB95
e0e2beb2,44bd5D06,2dbBced1,6D6CC6c8,D5aDC770,c81E7aDf
7a0B6C3B,62d3ED9C,D4C54BA9,c32f74Ac,CAc3a5cA,ec1EE356
Fb4BbE14,B8c5F93a,a2204BC4,7445AEB6,3B2a8Aa7,6Fba697B
29c6D3A0,ee3dc49e,c0beC2a5,967FFEBF,782982f8,46fE31bF
b36c87C2,37d3Bb6c,1d4dF5db,67100171,acF158fd,7c1871Be
c4668882,D1Fb703f,fdFE3ddf,7A3c3FA3,e19BF604,1FcCF1FB
9C41D546,C6BAeBcA,39EbE3ed,38bb9eE7,e5D6A13d,0A95adCE
F5D8DDeC,f0973DB6,591D0CBA,a8a8EfbD,820C52Ad,43DAc7Ab
C44FE394,BFa0C3Da,C2efeEA0,dcE80800,EAc4b7bF,2552be8e
a0227706,8cc3A2EC,AcE3cd6d,FA884c7B,Db5C4df1,3eFC71eC
13c25EBB,9Fb4Dce9,1E25773A,C53f9Cbf,1DC7caC5,3597F549
0e1C9788,751f7a1B,a45C4d0A,F148EF2C,11daF4E8,DFCFB536
b07c6F77,235bA6aA,d497E41c,f5f622De,18e825Bd,cd8EFccA
5fA2eECF,6BFbf8Eb,DeeCdb67,9eDcFD1F,9857Dbd9,c5fc9C3C
F4FCB2CC,Bdaabf1D,C1A61AeA,F3f06553,c79DE225,E25EECeD
06D7Ef1d,1f7f6c59,af518f1E,11e2Eef3,42d350BB,cEe0F7Cc
FcFbf10b,03c4eef1,d6DDfb29,9a24dE7d,4bDCBBEe,DEB6A93A
ccD5aBAa,ecD2A4e4,1Ce7b72B,Cb0fAd8B,da8a1156,CEaB7955
94Ee8bC0,cccBD3C4,c1EFF450,b3FAfAc5,DE5E10Ea,7C3eDddf
e9EF70A1,3bf8D4E9,e66dAfDA,7f427267,e1406579,e687fA20
32Fd65fD,0A09d01B,23dC7342,897F4bF6,7003CE3E,121B7f63
aa12Db7E,5bA2B6fd,e60c0d1F,916B83CC,fe3ef52E,D418dc1b
571cCaD3,AFe57756,b78B62Ca,a9A38224,CF4Fb8Bc,1e4eEa85
ce5239F6,fa98C2b7,fC71Be65,5fC07ada,6C8e15C9,C6f40B2B
cDb832DF,9e27AABe,FE2CbffA,aec6f1CF,1c6D5C37,dbe4f1Ad
dD4F2Ad2,D1dEAAEC,7A940fEC,DccF855b,13Cc5Fb9,6AFe0b89
B52BfFc5,B6e2fd91,A68ee248,d8fF3edD,E4555c40,a5d53df4
74c21F1e,3bA64A3E,aAdF2A51,7fCfAF75,B1cA9482,d6B5fA75
d26B3AeC,00fffa0f,f900cD8B,5e0db6eD,9D4D7fbe,b62abAe9
c66FcE0F,90ABb1Fd,c418ec7B,bD586Bca,C1BCff38,2ef9c7F2
0243BcbB,57cCf9EE,8db5A3c0,1AAECdFF,cD5c6471,3beEF38e
d1ceca93,a39c6B22,62fFa4De,B2fD6627,348b76ac,Ddf1d4a5
BEF24bfE,EecC3F3f,DdaA97dA,AA0B8d2E,ddA617B0,F2aa9ba9
157edDC3,15aa01Fc,aC4b53B0,76baC0dB,713C08bb,5BABde2E
cbFbC4C8,50cd3391,8E04BFF5,c85Fe231,C5ff1Af5,2CfcDff5
eBc1EdB2,Ea7baaB5,c4DB3aAB,eA8eC6A2,298FFfFD,444f3EaA
fcE9cd58,6b029A6E,Aa89a98C,F0D6bfdf,D5fdbBDf,6C57E024
aA85eC1e,6F5170aA,DeEcBcF0,167ba61c,A0640e81,FdF3277B
cD01fb14,0650Da91,701bF16C,F3EfCD83,6ef4dE5d,9dBc5b9b
4040b2d5,71ACb597,Af3464cA,d99C73FB,f840fd7c,0f583dD9
cF819DAC,0DdA36F6,92dfd83f,a3cEb705,c74baeba,CCeB8412
a0Fd30d1,aF8B402E,CBFB16fB,a9dDFdE9,9b8f2BDc,7b2A2F46
6Fa3bB6c,77DdffFA,fFde4fB2,5c4BF8E2,217Fc2a8,129d45A1
BaEeAbe2,2275a41e,A0C63d00,BdEb37f6,50E35F0b,B4FA7Ee3
380DE114,FdfF0B19,EfC52Bee,fF55bFaF,Ab47605E,a76FC7Da
ABF8D4AA,F9c7BADa,802AeFdB,7DDC0EC2,52dee0c5,321C9AD4
92c8Dc8C,74bA9Fe8,a9cbBab5,1e7f1133,D400bdAD,dcb8aDB3
fd7Bd0Ba,AbBDdC5a,b001e3f5,9c93a4d0,D510Be12,976a4C3d
fF949CB8,2d7cDB0F,Cc3ABFcE,9d845ffD,E5BE112e,e66d0DA3
9Cdaf92F,5BA4D01d,1c8D0DA0,4Fa7D6a1,99301fe6,4b81b0c3
e429C2f3,6CdD267C,13a49563,74584Bc9,BaCcA66D,92a091CE
BCAD1bcf,d625D4Fb,28EF2B01,0ACA9198,FdF6fBCE,6EE873Ec
Fe41dDF3,c4b0b4ad,AeBC73d5,F76C6abE,f45c51DB,E2DC8B1E
B19B467d,5fecAf0A,0E4deD9c,4C063Bc0,8068C1FC,d4a98B8c
30dEf7dB,E4B21dde,d65ba0eC,5B6c646E,bA0Cc178,DeEbB4e0
1cA5b356,CEb70Ba2,BCed4f7D,B64cbBe1,b489abC3,96d9120c
CfBaA4a1,bd0fCDdE,463Bbb98,92baDAfa,Ff814f13,E5020BFd
5Eaa3AAc,576E9BCA,B3DfCbAe,0D7b6f9F,7f0ee7Ac,B3Ab65cc
bfAabbbd,f23Ff2Bb,aC20D841,fdC0c5dc,d5a7b12f,aC76064C
24be78ee,8fdfFf54,E0a4e3c0,FA6DEfeD,9E97bd3d,aAaacFf1
4Fcf56C6,44f3bcAF,DA049541,3AD4bC1C,C3a0cd84,e9DA8fAc
Fb54b1dD,52c4992F,88aFDc1E,Ac3ADc77,4EcCccC5,dBc4cbC5
BbdDc21e,a7D6044a,bCEc9D26,e776CCb0,Ab20fC72,8A8d9EcE
67f9e8aE,46Ab2F30,CF0F4021,AbAc6daF,BBB1a5dF,F2DdbB9e
Cf9d9b39,3D9794aE,65bCC8f6,fbc4849d,e82887D8,48C350AF
E9cc1046,11ECEdE4,59Ddc265,eCe1d494,DdeF0D20,6Ee19D27
D534cB2c,Fd3ca87b,9Ce09Db4,E2754919,Ff14F7F3,a8aace89
35db89CE,C25D67DE,FE646cBb,aE3Dcf49,4d6FB2e6,DDbA4B3e
5D2c163B,0CFc5e2B,fF7ea667,98feBaCd,220a6aEe,4e35B1CC
a2dE4F4f,966e8b07,17fBdF74,F7c29D58,5A29FE9E,Da79d1fD
FfEa02ea,Face3C9a,dAFaCfD5,919c78A6,FDEd5E85,82A80A8f
Cf2A0F6B,90cC7aa4,Cc08cFed,277F3Dae,2bF97688,35EF1cD5
9c0719DE,cd3687B2,cCaE9765,33EF65Bb,de25Ef1c,da5c4Cd5
E1D38030,B8fE45a6,d65dA9c2,1bfDdAcD,4Ed2C903,CAE8F52a
d0A57151,10E1A700,DdDcbc21,4dBB4da0,47a5b3bF,C9CCB1cc
5Aa1CF2F,B83AefA4,f7DBc4fd,C6D6DC5e,b2fEd49E,3CFdFAC2
B469826b,d7ebd2Ed,C4889438,fC333b93,F1E25F7B,BD00C681
61F1E6ec,F5a41c3C,62b1bEEb,bC8D3B7a,b0CcFB90,fE63bfDd
83CFD2e3,e4c13Aa1,3181CfF3,9aaEbe1D,628531bB,caF6A2aA
B906E1ed,A6A3bcf2,e8BfD1cB,8ad1B0Fa,7aEa0986,5Eefb3Ab
CcFcf5DC,0A82B15f,A639f3ed,3BaeCaf6,CfcBcFe5,9CeE0841
b3cF17dD,0e88dBd5,F728ad7F,18355aCD,F0fc6abA,c1aCccfB
D2ECf7e9,eED1dCa1,4788a3b1,ac1ECCC2,28193CBC,c9D02301
5C323412,Ab508496,611bC6cB,aAa2bB2e,57Cc5Ae8,A2fdc37c
E5163A0D,BD1C8Ad0,366fcf49,348Bdd46,5Ae4bFf4,D89ADC2B
6Ff9e182,3b84124a,a4FecAE4,b590572f,bf3D0d6d,c9F8fc9e
DffbCdFC,2Bc95030,CD8b70Db,6952FE6a,8311E856,886AcA4A
3DBd9fA5,76d4B8cB,0bdFCf0a,48a8aa93,C7B7fcEd,a0FC0282
D26797Db,8fdE27F8,bddC5e9A,49F143a7,6ECe7fbB,cCDA1cEe
647fBbcC,a0cfbafa,3AD99EfC,7dE7Cb99,dd3c1f4d,BBA1FfBF
C5fc2BFB,83A06b68,1AB0dbc8,5b5e04a3,DFC67CF4,4d9297E2
fC59D0ed,046fd1fc,59CF3d0C,5cddA6B4,8Bff4208,41087DDe
FbEbF143,Caf7bce0,C391970F,D5C27ff4,6FEf38Bc,abdDda25
144F9339,a0bAc4bB,dBbF2BD6,Ec270CBD,b0b96DB3,9DF4FD0E
eE2a7a1f,b1a7f477,0c05d20b,08408D2F,aCDECE77,148aEe7c
B5F2d092,DfbfB0CD,7a37CFEf,EAE504F1,dEf877C3,F1DebdF3
Cfd64dD8,BAa58bBb,1BFFC057,FDeE28bC,cFACebD4,92BF8EDb
FB1861eD,479cb2Cd,daEa2CEF,BdF38deB,B2D1F211,a1Ecbb6e
136ED183,DcDaDedd,1Af40750,d0aC37Fa,C8cC7a98,2ccaf57b
cDD48FC6,35dCE982,15fcB334,FFDaA2ed,A9a8bd48,bB8CC754
B3cF3c44,8fdAA231,5f8F0b4B,1F9c8a8b,6D4B3044,8Cc0cac4
EAAcAdD8,F638a6CD,0CEa9eF9,7EaB4f9a,aA9e8b2B,64fA9D86
BCcbD297,D0175B0e,7BfeAdCf,f61c47BC,EBb51c02,B896c0Ed
E59F92f7,Dab178d0,6Ca9D01C,E324cbB3,ae9F947C,F43Cca63
F738E1Be,66FC1b6D,96c6c0c1,31d6482E,7b1d0FE1,d6d8Fd24
52fcFF5C,be9e9558,DfB1DBE8,5bceddA2,C2BbadB3,16Ba2E10
0f29BA52,f543F76a,0ADAcCeC,3c6f43Cc,157EDB5b,F0B8D5dd
768EC6bb,Ec31a993,2Ce5384E,3E73aF9c,d38A0e5b,9EA3ee6E
F27F885A,a6faDCD2,4108Ad0E,dfAb5Cab,2963A3Ad,74CaBB27
CC399AEb,6D032cfC,53F9685F,56DF20A0,d0C8d453,FCAdbDBF
D7a4D961,c2d8AFBB,B67bfe96,e3874bdF,D7e5D897,1cF49C99
e47BC87A,1b76583b,0DAafCD3,dfBB0E45,D31ad679,BfaF5feF
39019Ad3,E8EA22c3,0ACa8018,57F6FCea,EfE0EbDA,cb27e40b
aebbb3a6,E10d8cEB,5D45aA80,5bd0daa5,f337571b,Bc8Ce5A9
7D9Fce31,C2740Ff9,fC41fAA0,BaAb309b,7d92ccE5,f68f4700
F31Bed0E,2b2DfAdF,e830C8d9,beBe3dA4,Dee8CE1d,c6Cc9d0d
BfbFBC43,574B31EA,CadceDd5,dBd3fDeb,eb0Df037,e374aaDC
cB4ECd0B,eed7E8fb,677f4B50,CbBBd41B,C9073f6D,30683fd2
9f1ECd93,dc4cD970,b9fE0eee,81dC906a,AD21DF6E,d5DB5684
7Cb0a404,a6b4ECE6,Cbf5654B,Ecc4Db79,4C81C3D1,bCB8eC0e
eee576aa,ca078fE0,aAbEbFCf,dE8AeF27,C8e40B90,fDBbd77A
8B4fBeeF,6F38b8A5,bD1ECBdd,Fe7cA89a,3ea5Aad7,212EfcBA
9Fc5a6a6,AdCDfedD,10147D82,4CaDbc2c,E1BF1AEb,9DBc4bA4
C5Cf35b7,FCd2c8BF,2F53EE5C,4FCAB3aE,55B898a7,75d0Aeb8
D2BB9Ce5,242b5B97,77E6A033,1C9414BA,Db7f3d0B,cfb5f311
4EbDe059,D6e6a235,174DBFF4,5697de81,21a8f4c8,Bf846746
7Fa50acB,E7a40400,BE8DCC04,BBD77f99,e47f5e9B,cbDcDc96
f3aDaa12,8E23ECBB,782756ea,D59cc146,9C022bB9,Cae5ee30
2afdAa0f,DfAff5fA,0CcAcDc6,af4a48f3,9b85dF2F,Adab2b21
7492cdb3,06D253A7,8ffBD3e2,373fC281,5D8E1E5B,E01C8fB2
Ed6D2Fa0,E747aDDD,EdD2C021,AF2CdA0a,c9afFeEB,D8d8fB0f
689f83AF,03777e1F,f7843d8e,Db4da21D,4dbD6844,5209C7df
30AC527E,2ca105cC,A6e28cfc,f06A0D1C,0ecf50f5,eCd997D5
5A7867db,446A64aC,aEAaEAb7,dC676ED8,7C4DEcED,2DCdde4b
6e4FaF6a,8fC67ddf,24Fc3d98,ef768afC,d59A75C3,03a1bdeA
bD75B24D,79a9dcE2,760dA9e2,084a9ECC,Bf9A6B3a,c11f93be
f97a5B6E,2d9505bC,9AADab7A,565faFBc,a553B8Fb,7c80BEaa
3fCca3ca,Af05EE5f,05C99534,1dEE10E6,1f707b0a,71C70bc8
5FE030d6,716d4452,8dc6c5ED,56Ea808a,68b6BeF2,20bBc17f
B4fFeE4E,589DA00D,748b76Ce,478bD93E,bF3F8AaD,45C3Dba5
4Edd2071,Aa4e9Cd2,a8F852Ae,3BE6ceeD,f3EAb4eC,732D1c7C
c9fbf75E,877E7e6B,dF72E5AA,40a0af3b,C0c8ab3e,7dbBF6c8
4eE5D5A9,b81D7A73,FA9f8cD5,b191aDD3,ddb4c225,afABB4d4
Cd1e9D3C,956fFdcb,5154Bb3b,1D91B95D,AC576dA3,AeC2F8c8
B6f0BD4B,1efccBBb,Ee978af7,73a5dEcF,CACbddc5,EAB08D2C
c91C41CE,F1FDFE6A,eF2dAFE6,0929b52B,8fc4aD40,54bD4f42
93C6fCE1,aABFf7CF,B7A492C9,D0CA2DfA,bb965e57,53b3F8de
B3BF960F,aeb2FAeF,3bCE6ff7,a830ceE1,3Fd1AE9d,f41a8B12
B33B4Ace,Ad02dFFb,2F4972Db,bEBECD69,49BCb7aA,fBaD6E98
a2Abda3E,13Bf65aA,CF5D4F5f,7DFFaCae,Ee4Aba85,Fb7e9ADE
73D088Bd,dD19a347,38ECDA4d,AE78C5Eb,d47adf3a,4e90E317
fEb6c75c,9B37fAe7,Dd717B1e,fD7804aA,aC7aa9DE,B6BE25b5
EC2FfC9c,6BAFfedf,c9EDfFB2,A0B9bed2,EdFcaeeb,5FAe4550
47Ec3cdB,d0bFfF70,74B4Df02,AD7508BF,CBcbc49e,8B3b5637
cbE0a372,c88EAff6,3fDCDeb2,4b540cc3,Cb11aAD8,cc24cf6B
EfC28359,FC3fcF03,151B8f94,9981141C,3aEd6358,2D8a3eDf
EdF5D11A,F2dAC61d,E865aE0d,2Ea19Ebe,daD0AC00,7a6D479e
0a64bCcF,c537Fe9d,af7cb46f,6aa2cC2C,730F3f48,eAC6CCAE
140e67E4,2cbdB184,2048C30e,4f75E40E,fbBd6bBA,e44aa1bD
AffEa7c9,796Ff1C7,2BfA6c58,2ddaf8ED,d261D581,Fac1FD0f
692Eec18,8F7Dfb7D,900d373D,C0A1CC09,7C1493B3,1ba7902d
8B3EebD9,94A11721,De06aDDF,6C72Fc89,A54603D7,0EC15204
2fdb48cc,B1530Dd9,c565C898,dB16AAE8,60b71cea,97Dfc2ba
ab153dD7,FddCdcaF,ebF09BBe,B5a346A7,EfC4fcEe,d55bBa3C
Fb61f7Dc,bb13152a,fd4A0E2F,c35fb61c,cc6Fde5D,2378e41b
dDC566da,3B1caf31,cbaDb170,7B9e312e,6B8Efdf7,233CEFA0
fda08fDA,4F90dE19,5A7eA2F3,3a1c26de,eE4d760b,1dAc4Cc3
a82A6b0A,9F46e6d1,34A833Dc,Bb061fDA,5a7058A2,5ADe4AF9
ca7106E8,a9E3b0B0,C19781c0,4f5baFaE,c29f54B8,F53aB3d7
E8a012A9,BbB16962,1ff39Dd4,22de0E78,6DBF16Fe,aa4b89a3
61041b6C,aB7e7C7f,7dfD28AC,C6FC2Af4,294edD9E,6B9315D5
dcAc4eBb,ca2ce09E,ce91da10,2d7c4ce1,6fEEcF06,0e58978F
AcDFD23C,bFA116Ec,0e0fd450,E4dE249B,bcbD8Fe8,CE7a380d
1eb35de7,A169652F,061018cc,dEFae1b9,cfAEb14F,daF84c79
cFF8EEE4,E3BCCA34,FC7C0fEa,5fE0aCeA,Ce7Fd5Bf,bF6a3bF3
ABBFd72E,A8DDf55c,ecee0fEB,EDeAef00,C8aDc5aB,AcC6Ab11
4F0B7E6e,f6C3EfCA,BD8AbCBb,c5b5038a,1eb7fCD4,fbd7EBED
B42AED80,3Ca7A5DC,c9707e8b,6cEe9e0c,Be72F5FB,fB2BD24C
Fb3dAd73,9a5aB5bE,5d0Fd12A,F6D10A7f,E28FBA4a,84acD8C1
Ae3Fb74d,Df4e3D64,1E25bFCf,ec9eEaDc,f03C90ee,03aE7AD2
876Dcbac,3f0857a0,0E14D022,3aa2efcD,FB86937c,Ac3C414f
ed136DF8,F387C2Bc,FE7e7D64,A5De6c76,E20736d0,7ffb5AC9
BC5EE06E,c1B4E6b2,eFbd7110,B34bD4Db,35B14dC1,E9810aC8
6d32FeC2,2c61f9eE,C2dBcD3f,06F8aa34,32D1d1c9,D9C21089
a3aDa3d5,988E1C07,fe227166,B3ACe8e0,425CFef5,c09A4679
CBECfDAB,5CDaFa0A,aF3b1aa7,E16E18fF,163f2729,152EB701
DDAC1BFD,ADd9B155,F79469Cc,e8C322a7,d5cBfDB2,798FEE2B
49fE89F5,A6EBeAc9,8f6431bb,1D96037a,cd43c41c,0c1E941a
D77a2EAf,bd2727aa,4c893CB9,0b20e9e2,353A6FF8,AfF58FAB
c957CCEe,117fEC21,CDB19Bf1,7ED5a296,4Df04ffe,7Dbe3a51
E50cd92A,D19D0835,14Bf82f7,812Cd95b,8f0Ce3F3,B81947C3
B50F8E08,cd65eee9,33bcBaf3,0Df60dEC,6381b2ec,0B12Ba26
8982E4AD,4Fe2B13b,1D2968dB,0Ebcc414,DD66FCdD,39DD93C9
01F9325E,afc5e72E,B8a2Dde5,880a7075,3f982f1B,1eeC328E
0dcA6d5C,E8cCc64F,caa3C510,B7311C88,eF39B27e,05aE552a
fEEe6D0e,a5BBF0E4,DD2e6bF3,Ff1BE84f,8Df3C355,E0B55DBe
E1e53929,6fafDE5c,95efec6B,D7a95bdE,B6b8BB1f,EB09AB39
dab7FdCA,6AD28DAa,9f2Eba2E,C8bda9a3,6EaAC9bE,3c2F741c
110d5e95,bEAf0b34,cFD28DCc,175c6aFB,6e83cca9,24DAB8EE
C500ac4a,b9C3825a,E7e9afFc,f24A0dFC,7fD6E3af,8Cc33866
56bABf35,b5F79d2d,734cfc22,92a777D5,ed6aD5e0,C4464CE3
86b777C6,e04a4ddf,ba24f63c,3195fC87,fbfa2C23,eDB47B61
208b60cE,C7dC5cCe,7d6cB3a9,72B49Bd8,6fb35BF8,C8c3ec54
7C55fbF8,A18f51aa,80aC3aae,Ac887Aa7,EaEa690C,d3a3B551
57F11Fe7,3B5D168A,5a9BfAdC,794E30C6,11292FEb,3Bb68877
8aeCaDFf,8baDAb1D,2cb48c0a,9ccD3D3E,4f9aaC55,664dca9b
ebB0C2C1,25998CfB,c6aB6E31,bE4a5D65,7cf196c2,11028E49
dbf72FB3,0652cb04,4bd29CdE,DA05ACc5,8bDeF3ca,49B84509
4faCcB3D,d4AbDc16,cBC66CA5,4A1bf6e7,04686dC2,65CFEdd1
f4E06BfE,A4Db7f0F,cA5DCBd0,E31cA960,BEDb7DCF,8A92E7AD
eD39E80F,41e2Acca,ae557bD0,1a5256B0,6D8B4D2D,35d581cb
e41ce4DA,CDeDDEb8,500E5EC3,33dE31B9,8F46F222,Fd3ff7f0
0Be8f61e,96Efb5A6,e4BC0C6c,d457D1Fc,a573e9Be,2DB3cdBf
F264EECB,c608f23E,6DcC0BD5,bEB96Ab0,1dd5C6D0,E8EC6aA2
b7Ab57fD,499EEB5d,Eb061d9b,193FBEfE,50bC3CEC,cd0B65d9
512adCea,226Ed1cE,c0ccc5D5,0Ec8CD48,ABCb4e93,FFFc1d08
06f5dEC4,6A9813c5,A11Fa04A,Bd5a0242,B69dbe5c,C39B2bE3
CEF0B5aA,AfdA5C8a,91CE4FC9,7a1c9D10,F2CaaEe3,D430B2cd
CFbB4D5D,BbDad3Bf,cEEb34FE,415A44C6,Ed29734E,EB0efa32
7ef0ee4B,97d1FaEA,1E4E062d,07B1ccBa,9e92c565,6d0a843a
9363c9dD,AFE178dc,CFdeF5F2,8C56644c,0522e93C,4aB35Fc8
65586EBf,F29945c6,BBeA39eb,d85bB5BE,fB4Ddc9E,D95C2FE3
d16bbcec,B54383fC,8C8BCdC5,BBDBedbc,e7F1ed9c,fFEcfb10
9d3824eB,eDF23CCb,9c2a67ae,12fAe2dC,2DA393eC,fEFf70DC
faC55A3a,8fC3eC7C,61407d3C,ae03AEEF,52bEcAf9,EE97bdBE
03cB5aA7,6d2599AE,7a5ff36C,d10a7CaB,C95AA7Ec,1fdd58e6
ABB3fbDf,6314b3F7,8190d5B9,dDCBD57D,ec1B0c88,9b4C1d18
5544B0cc,7D80422d,0c2a652e,3a9deD44,8D8A0359,CefFB161
5930345c,F4EEFf8e,eFbA42Fc,FfDda2fC,9EEdbB56,8a5Dfc6E
3cB248B0,a37CF6Bd,f9Cd016C,0A924959,2d5b1FB9,779b8B61
Cffd893f,2C4Ee5cF,BBE3caFD,c059dcB2,CeBc11BE,4a0AB170
c7F6e81e,D881BDb6,7bE8c35A,f4B007fe,F7BAA1B3,AFA6fB3d
4Df2DEc9,06F3A2B3,2bB3Ec09,CAB2deac,7B737af3,1DA8aCD5
D9cf4641,CE6EF449,e294e8EA,c6E908cc,12CACCda,dD7ceF82
291bfEA9,3Bd9cDe8,b9E0A1DC,Ccf14C84,E2138283,7E42b10D
5BA751AD,4ecccCa9,4c2248B3,BbFA6e9B,BD73A5b2,3D0B728d
cC3fAfc5,CaCB4dCD,3D8A682D,0E155cbB,43eeda1B,3cAeA7A2
0B8fa3EF,3A6eDb9c,6CB3f74D,64E3Eef8,76bDDFfe,bdA3de01
2E6A0eCA,725f0e5b,0a54CBD4,Ccb9ddED,b9ACD867,E2cc53Ff
c2ca4cc0,a531AA76,2Ab2b768,F6FEe956,afAa71f1,B9BB3Fb2
EFE2DcFA,AA0ff399,1824b380,Ad9039ff,0afccF6B,7c53aE1b
dCDfe06c,aeC6E8aa,e7a1Ce2B,bC57a69b,72D6FD4F,3BcfAbFe
A42a73e6,E98c701C,67A7dfCB,81Cd33AC,B3ccdD74,E30D01fA
e14A0Fee,9a6f5980,698e2f6D,AccadE0E,D85Df5D2,B4F68DeB
CFedf3fc,7B7DCF81,d5e8D198,7E1Dd2Af,6193BC4d,AF0C9E57
5E1A4Ac1,3AEDD493,ffCa6279,BEc1447d,DF1ad2A2,91df1dB5
0FAEBcFb,BDFfb3eb,84CceefC,635ced6b,b6DC0D6c,E1EaE05D
09C1a9aE,67417694,95Df1e5b,F44fD84C,bC5AEd3D,ca2b529d
6EBE7f5F,9eaf1FDe,c169962c,FD98DEa7,FBfb957b,De984888
F5C9FB2B,BecddCEb,9a0eC7C1,CD9A7E13,dFa14e52,371e5dE8
9Dad90e0,f5cAF9a4,BAdeAb1F,90Bbbc82,f0ad2faB,BCe0FbDA
e0CA8A01,C8fC2821,5ed23a71,0aF014cA,3ECbB14A,A3Df7Ad2
e8F22aE6,1DfEb5cB,cCC6B0Df,7AB307dA,f6BCDDDc,E0B0d802
22Ef7bae,2711AAB3,cfFe13D4,3Bfd5e45,E8c6b8c8,96CB7285
fdEca8Ff,0cD7F13B,6Cdf777d,eF53EaB2,61B7D74E,829c9b2B
C2B99442,Ff0Dc407,3a3b8122,E5c99ffb,Ed7c3C45,E3D6F80b
e14BF76b,baB1Daf2,d008c619,B6FEFbf0,fa92Fe76,ad8F629a
cFbd1C3f,26e85ec0,0633cdFB,CCc4C67b,ab0A3Dd8,EfE525ac
4650eb9b,fcA84bEd,41488C62,cE9cc9Ff,00e9a15a,7fcdb9b3
9DC7cEe5,ef9e3fDa,B276EBD9,Df68dA1e,d4CdF7Ae,708CCEEB
A639F8Ad,957200E0,d3b5faD1,8488eDaF,a8f0DbBb,9dD3B8e2
bFa7345C,889C2bFa,aB96a0C6,cdfbf2C4,7DA2d45F,76d74C9e
86d956CB,5D8f3c0d,Bfeeefdb,Fd7EB63F,61fb356a,17cd99D8
CBA373Ec,AEE2AbE1,BbE1CB7A,Ee86758e,5Ec5DC04,c2Eb3d4e
EB5313AA,46b9ca90,F2bFdc8c,2E595FFF,5E77B4B9,569F899a
bB1A205B,C1dA5BA9,CfF1aa3D,06D61e38,dD091Aee,Cba23cbF
C0e34404,7E3442D1,c919dB9B,0Ca63C3F,a5770064,72DcaF0d
D7F427eC,1AFdEAeE,cC42952D,d1dEAe08,e55CDdce,b46DeE7b
0d584dD6,320bACD8,aAA0EE25,df2c5b56,BcdcCA12,De26cC57
A9DF1d9F,134efB9F,a4ABa10C,C94d390E,F0fe43Bd,DfC51ED9
4Effaf0b,5BF808cD,6F6ebdae,0DD9bf89,ec27af3a,cDa3FBC5
dab2bF9a,50df0430,ea1C36F4,bF7b9EcB,C6227aE3,15a9A946
bBb037a4,cfBAFDaE,2bC46ABB,1Bd0DcF1,fe4D506E,bfDDEbcf
4d920Cbd,ceB6fEEe,393EEEa0,AcFB6bdD,0DE8BFa4,98c9eA36
A39Aeb4e,d46E8329,e6cBA8fc,E0DcdDd7,cEF6A9BB,7fb612BE
9BF123a3,B3cafbd7,37B1cBEa,142D7641,Cc65ED88,98FE3a2B
69AB64d6,95BB72dE,53bE80a0,CB98D23e,87Bd05bD,b8b84870
cF0d99C2,dFECAebd,FBFE720E,aFbBFDBE,370AF68A,54bF2aF7
55e55AB9,5D987BFb,BaC38BBd,dA0D073d,6F1bA997,1ca2cE76
C4EDcA07,306F7CcD,91ED594a,36400Afc,42eDD769,f5Ca865B
1dce31D6,fBfcEF98,7DCb1BB8,2D983aEa,bcDABFeD,AB03fecb
f0bBF67A,AFe5cb98,F76a196b,4aAF7fe6,4Bb2Adb8,Aa5Ec39E
cc0B8EBF,268CBAe3,51202288,f68c9D83,06bFbBAa,666CECf7
fD35d15D,8Ca33d18,70FeBe47,2aC8f1a4,DA69D902,AceB84dB
d63AAb5b,b2CFf40D,C9198399,6Fef48b4,4EdCfCaa,b5565fCe
7d2EAaF3,258CfFb4,D8A3C95A,75fFADD0,ebF90509,2dcf4e0E
bdC1beFF,2d89Bbc5,Ed02Bfae,da3C5AfE,028dA733,fBfdaE52
b3B5E740,7d5B3aee,AbC2C92b,c61402ba,A7732fB2,C7F8cF19
6eFEa1DF,aB44bEBf,0AB7b6Dd,70a92911,AddEEE44,cb23f0BD
4B47a239,80Ddcb57,4E26CCeb,F6888A43,345AbAdC,aEA51b23
6add8676,1fc21B6B,e7c8218e,1E01DD0e,68F9d815,01A7ac2C
550fac1c,CC49A9FE,DA4208a1,EBCcDfaB,564E2C34,9c66DFa7
39C936Aa,64fb6fEE,3AFfB2D8,4FEe7ea8,dC10c63c,3f8dE2A5
5eeD7039,64EFc1Fc,bc6786eE,a68D2795,fD3cD659,68e188FF
fD7beAB7,4A4f4e49,695Fbea6,9F8CAeBB,36086e87,9797dEbA
cC82Fb44,aeDF094A,A7E4fb71,eDF7b9A3,C15ca216,D85bF77B
4Aefec32,fFf7fCEe,8DdBdcc8,7BCeBcbE,F0eEa404,617fDEC7
A0c1Cc51,EfBe9EeC,bC040B49,4B85108E,06c0F3a2,5BddF8bf
Ca4bfbC1,BeF20fe1,c6c04a4e,CCAfcB5a,79DBbB1c,F1dc5eBD
AdaE6C0D,ee1E77Fa,193e9567,B44Bd8db,14430DE2,CACf8Abc
6aD66977,dCAc9d4D,3e33785B,2ebB2df4,ACEbD98B,cEDD2dd6
C83c9C35,E6aba643,f2FCdf9B,c3d99ae1,940a8E35,A11FcCa8
d892fA7c,B1acd915,E97E5eA9,c1a303Ea,f6Ff1BBF,eca5c209
EFEC49E4,cf57Fc8A,FA26cEe9,00d34fd9,e57Ea9a1,EeD2a7De
3Db1BB85,3bb3B2ff,9037fEb2,0A35aA1f,Edc852ab,77FF87fC
cDE4877C,D35dE6D6,d58F9d8c,7c64D249,c7fbFe5c,4Ce24DA4
30b7E8aA,bEda6119,1a1F0ef7,FdA3AC78,d4E507AF,EAe3EcAd
1Ce76bDF,6F7cd946,98CAbC96,DcA2dB98,5ED40C60,AFf97EA0
29B519ed,FBfaEe8a,d0230308,52Cf13C9,CCfCFBf3,9d35cAB8
9d9ceb74,3Aeb94d9,D7EBE4d3,a2d6eeB0,EeEcEEf3,Ea3B66d6
8baDEEB7,C0c9d02f,eFaBBc94,76e45a9c,77EfCdE1,ABBeDDd1
eFd9a8bD,7ba9E3E0,526CA87D,ac1eb688,4436D883,9aC5ac18
1C277B0D,10CBb51e,E59C3cBF,d652A25c,CEb2d9Cd,fc38157C
4139ABbb,2C5ADCA1,0Fa3a42B,66aCF2FA,A8dcDB1b,2b3d7A3A
4a89D5c3,feCDade8,cfA54EFd,C5fdF3Ab,E0dF4Cf4,7d59450E
EBDBfa01,1Bdb2450,AAcA8f37,eE7E3E9d,b433c1bf,b43aE544
d93ffaE8,70bF0FBB,52dAf5C1,18b8D56F,c25cE3e3,fd6AfEde
3aca7b0e,7efF9CFB,190De4Ef,25f8d1A8,FDBdEc22,A2b2108b
74604dd7,2EdfFd7A,c9FfA0Cb,2eae1A02,C42DD361,74aE0964
8DfCbb34,B22deaeC,5d6FC0e4,ed572D81,aA3B3f8C,A8EabEa6
6af044ee,f5a5B7aC,c8DCffCF,AFC3A4CD,b157Ee5C,FE9E61d6
Ab3B58D4,42BF3c58,2f9E26ab,Db7CE2Cc,db71bcf6,960D3Cd2
b7aF7bCA,eDA4aBdB,f0fC8eb9,2A59c471,e98DaCaF,FEc22ECa
eC0b9CaB,0CeE07C5,Fe2AeBbc,6aD31Ce4,3be02DdC,b724Bcbb
4cBcCFf1,8501e908,e9faad4C,BE45F07B,af5dd4eA,7Ff6D9Ea
71A723b2,7c1a8C17,fF74e0dA,cAFfbe9E,1a1Da0e3,87b840b2
54BE88Ae,c4a255Db,dAAC2dBa,106e0DD0,9dC29214,aDE8DAa6
6bf0E4c0,7aDCfAeB,694AfdE8,aF45cb3f,240dc7A9,821aF1ad
f3ecd336,FAD0CFf8,1cdFbC0B,1eb64fAB,654af8DD,b9972DdE
545C43bb,CA7FfC2e,8C34c262,8c32bd39,5DD826eE,1eCFA6DD
6D2c19Fd,a4423AAE,3D13Cec2,68ec547E,EA694E57,77AD0fC3
A39c072c,eB3bFe0B,f5BdeD0D,d5Ed1a00,E5AfDcCe,6732A8B8
dcabeBBa,D8AfEC31,6eF4706b,bFdAaCa8,3ccD80B9,88DB07b7
C0387a82,faD3a156,F447f5E4,AEcE8FCd,aC48b1d6,882a1d36
Edd52eCB,6dDBfF89,3cd3145d,E62A128e,2945625a,EFf867C8
BF1DeDca,0d126AB1,98650ab7,aa4394C4,ED88bE38,27dEe06B
9DF4d0fF,895eECb7,15f4EF5a,3F12D3DA,3d8c99f3,2bC95E81
3768FceF,df44BAeC,bE9A73b3,E8FF90a5,BAF5cB9A,89FE74fa
5da0bE57,FB6A544a,4C121E9E,e0e5a73e,2dddFB1f,d7fCc1ae
5b286eF9,CD4B68E0,Fed15Ad0,e571fFCc,9F8DFa44,CEdC8aAD
F1a2022B,6FCcf6Ed,9ec8c2Fa,c46CAAAe,C1B9cC27,38da0a3c
3f9B7ec4,9f4DBA1f,Ce2E7800,e9ac3F16,Cdb5A506,d7320003
77C5dfac,78BC6Daa,c10f1478,ba77D6Ea,Ad28bc08,6Bf2B0a1
aA555AB3,89712Cfe,64DE0CC0,F2FbC3e8,BfD9Fe32,b8EBf01e
C9fDD5Fb,D3dfe8f2,c1af7AC6,e9fa0836,de6Cd3bE,CabDce12
a8aBeA21,95d9aBC6,7dCd10c4,80efCE5B,0d0B015B,Fee3cc13
ea3B9Da9,f55918bE,c6EFCCfF,e8B74ACF,b42476AA,91Da7a2F
F3CAC6AD,fAaA4dAF,4cF42f8c,8FbFA31c,D9b7a87B,6E242c1b
C4EACea0,1EF4cfd3,a7C75cA9,26aDbfad,d33aB66A,D6fdbbce
C2ad5da2,21992ef9,F94144DF,9EEee8EE,Ba5f9Bc5,be9C7EcD
A8012fa5,97C73C3b,A9adB9eB,f292F070,37dfdefb,aCFeA9aa
0c5D08D2,fCc7B5A2,6B4fdbff,0a8eC55e,f821BAeE,2B5B2E74
D3b0B0F6,932363D0,8ABfC494,cF0DE163,CdE92f0b,ecBdA97c
A4d01C6f,CB2E48Ca,7Fc0622b,A161eFb6,096730bC,08Ea5f90
BC9c957e,B2F66083,a4C76599,3C3f29E1,Fc1d92eC,bAFC256c
Bafdf0EB,13fcCe2E,a7Adb8b3,DAE0B119,6d691748,2aD69F34
552A56aD,FF32F2Eb,1a7d9dFf,d840E0dF,9BCCdb9d,CbfC8fD5
cfD61fff,0ed64b57,7CdaB8aD,f08B4BC9,0cefD0Ce,C9bc5bcA
Bd25799E,dc6aCCAF,DBA06126,BcfB86B3,5dC6ad09,d8f66ab2
f7dBDdE0,6b0689BD,5cE7eFd4,d9cbF119,0D68BB4d,D0DbfBd4
37730a76,9CefAB03,735B1828,33Bbfe09,576CDCe0,f6AED6CD
E86fEAEC,3af05b6c,D2a5dF47,0dAc6Acc,2CEdB3C0,Cb7dacD8
a4BBBaAD,53Bb4d12,0021DA58,bBbFeFaB,43B6dda5,FA9e241d
a9CC312a,cB327AB2,C8a0dc93,4e243ded,A0daD003,E64d80a6
e06F26f1,3D28aD74,7Fc22DC7,E2c7Ef1A,e8BcF2FA,B9BCaB86
F3EAb9B0,5C3AA6cc,Fea6cE35,dAcBD2Ef,bACD6410,aa8E1cAa
f7DBfcBF,e4B9FdBf,b47dDFf2,7cF39Bf3,4AdB94D9,cc2A0e80
EdB0C3Ed,dAfb8c2d,bD5bfF0F,cF0eDA01,34c5d10f,dDABB31F
abb9eb12,08e13c74,e7f73205,ecfE542c,C53f143c,f1F1d40a
57f0D57C,7C0e4926,fedcB5d8,C8f877eE,D5B2C9d5,1BC43FDa
E1dDb2c2,0F0d5539,DEEeFfDF,f7eaEc71,515F4eee,b2ea5d5D
11CAd3fe,717c0701,FF9DdBC1,e1bCAeDD,2197938A,7b88eAdd
0F597a9c,D99BAE90,ba6aA9FF,908eA33B,fcC565cA,D8699EB9
1d32B7B6,eDA3Bc1E,BBFaA2f6,Ff1C8dFe,ebAd3BB7,d2fcb7D7
45BDbcfb,7efbF0ab,75D57Ab2,F1022e2e,be0D7fDb,2F8d40B2
85441Dca,F66f3fEB,fbd4a420,bdbdCb9a,2BF11A8c,eed6D173
53CA4c9F,e0E4a7fb,7aCcD68b,aa1eC278,9B0085e5,A06Fa2Af
EFFaBf2C,Ad1aE68E,cEfaAD0D,Cf32eB0e,D052b8DB,5f8fBc9F
ccDc2E0F,B2EEAE03,e89fAEFf,8a732ced,4Edef142,8c5fDBd5
F01bDcde,e879d9F2,ef4caCa3,8c9162b2,AD6F33fa,960f37df
BB7Af903,EE47ac7a,Ec5b9aAb,16BBE53E,AE23dbEB,97ed8ffd
97AfdAEC,3Fc4D6E7,17a6c1F7,4eb4fA09,CEb4EcbE,efEa5dAb
9f03a10a,4c81b1DE,46CEf11A,9f5F3aE1,fFE215aD,914b814b
8E4e1D5f,cdBcF466,24cFDdDc,D29e49eB,bd468FA3,2620f0e0
5F334EB0,dF8cc7C0,bEE83753,5DDC681a,Da30eaBD,Bc23E7Bd
a070883c,47275FF6,F63b526b,b0AA7a97,A1c9cB12,F7Abe7F9
6BF3a3b2,64287C27,dcCe18fB,3977c64B,65dC83d6,D7Abb4bD
2b6cf9Ab,f4b95866,4869FFAa,1FB6E7E1,E60C8AdF,21Cc7a2B
CC24aC20,38A52eB6,80Af0cdE,af8fC4A3,1CaAd4B6,6D12e70b
CbdCdceD,d56BbeDF,3fC0eC5C,bf421df1,5e82Dc62,d9fe25aC
d6deAD88,EFe778c4,2f3f0Bbf,96Dda4B1,B1E9aF5B,798A4cB7
73A7BAf0,Dc3eDbca,cE91168B,d9AEC91C,69afDaF6,c717FB92
12AB48bD,EdCEC3E5,D89b2fD6,54a76ffC,FEabe747,caCe2Bb6
0d254d83,80fc0Aa1,C4F86a7A,deE0FfAB,7B95C6eB,fe7F4Fb1
ae1177f8,1Ef0e0ED,1c835C07,D22a9faF,E55D7cc8,357aB9c1
FefCdD6D,939D5eAb,6Bd1DAde,c34F8eaB,ADE874AD,ac7E9E30
cA2f9d58,b65fCB75,ccec782F,E3cdA062,fEa235BA,DDE3F4Bf
AdCC77fD,23Daf00e,113eBb0D,bfAa39Df,C9EdCdbB,a4FFe92e
83B96cDD,A482B240,40Ec885c,6Ca92cf9,FE139D2B,B1DE7fD1
328D72Ba,a04A2F21,8621481F,77cDcF18,C0063DBE,aA2ec62d
5EabCD3C,492a1327,00977C9e,Bcf3D3ED,D8CdfcD5,f7C8dCfD
a1D1C3cA,bF6E410b,a0088faD,Afcc3A6f,279fF36d,bFF1CEBa
f29Df6Ef,125FFB73,Add47a25,B35f8edB,0baBfA3f,DF7f2818
1cDa7ADF,1FaC8c7C,8E51e4D0,a2fdfD21,7f994573,61dc6C2D
8EC13071,7bbDFfF7,78dBBcaa,851351e9,CeacC73E,bDEf0555
DD843fBD,2f69F3dc,Dec35FDC,5CDce1Df,a84c61Dc,2A76BFEC
7ceA57B7,98ADeF86,7d5FE1E3,69925Dab,9F88E4a1,f1a60d76
1e6cDf1b,9128cA1F,9A9214D6,dCb3aeDC,1c2dD313,cEc826eF
5afCFCED,6db6DDef,Cfd1eC8B,9A071D0C,eff9E7a6,f9F9f5d6
c76be58b,beb5bb3F,D3AD60C9,A6BFf2C2,6F6C2FDB,1b69F856
62CEADac,a80BDAEc,A9bC5b65,fEea15a2,Ee5BCD96,F86D1B11
Ea2515Cd,bE4aDfD0,c17CfeaB,075Ce4F0,Dbd4325A,DC4e08D8
D483Cf48,774C7c5c,685eA0aF,F6BCe102,9aD3DB66,Aeb713eD
Afc1deDd,EB9241db,cfaa643f,9Df43Edc,86Bc96fF,d45bf89f
0fFcdce1,Cde44f92,C4AAAe8c,5af63Bbc,bCaB56D0,efDea3A6
58c50cd5,dCEc4Ca0,f44974dC,5A1E6Bc1,37E6b6Fc,B9cbbFA8
be6e2e8e,2f1b7609,E19D1aA9,6EfdCB3F,6eCaB27d,65666dEf
F2b0b16c,5dcbeE3d,2BBdAbA7,5809eE14,2870afB3,F433121e
DcfBFa2B,17FaFd75,bD4cA3Dd,B61ecBb8,7B56808B,F5D6edfC
CdEcB73A,F43CAec1,4077A3FF,3277aa7f,66d15dd2,DedF596A
0F7C96bE,3da0fbBa,3bd0d7fB,a1d9bfE2,F56AbD68,A2735a05
7Bf8ddCC,f9e7A3fF,9cFf0A8b,FFBaBD84,D081Ae9a,3eb1FD9E
23f06e24,AF1Eeba4,530beD65,9D9AAf7c,c5926efd,F2eBB8Cf
6592fbA4,Cab397bf,FB8E2dF4,bfD12Ad0,8b0FDd7A,f273f2d2
E1Cb5D30,660B82e7,C0C1aaD2,BF94566C,e3A57ddc,0ac9CdEc
ee6B68C9,60CCbBda,680Ba521,95Ab267B,f5eaCE61,B06F05eC
97eE74C8,7e80f768,90Fedd83,61fecaf0,f3eeFDFf,1e32ADCB
ABd40133,352C5c8B,c33E258f,41fADdea,aDea9d96,4523F5e5
6eBBc585,A0Dc3fF6,Bc75Eb02,be9e9c4d,05BBCce5,EF42F0AE
35DD5D45,eE858b0A,Cde4df3C,23C89ccA,fE0cF01D,eEC9201D
BBA8CE9A,F3e7CcEF,cEf512eb,88426B25,830CbAEf,ce57C31d
9aF6959c,aB4ec5B9,adECB5A3,bAFd2BEE,d69FA8ef,dCdf21Ea
01282b5d,3bb65Cc7,04AFeC94,4Ae936fb,0b8DAB3D,27eFABE7
D7F37B4f,bB857ba5,eD88ff1b,2fCb2Dde,EBC0FA4C,ddAEdc55
7660B7F2,A05DEC69,1bFf0F0A,0708Ac72,350C13D5,9b9baF2C
4217c02b,83Db958d,511608aa,B4593E7c,0C1e8B49,FA88Aaae
D3F42b4E,953f4Ca3,408b9B6A,Cf1AE6bf,6775C3Ab,6F1150Cc
52bC8aDa,Fff4Ee91,D9c22F1E,7bfCBefe,B19B00D6,3ddc9AdD
22cA5a0B,9658bBe8,eba1495D,Dd6e3116,8e24E46D,5FCAcCc0
c4DFcCCF,Cb9200De,F5C6f7BF,D074DE5b,FD71e6Cd,297bAAD5
A1De5C0D,0a7DE9d5,aA05fF20,eeB2EcBE,CFAa3ECb,0C8efBce
e11612FC,7F10e998,AEdBE6D3,BbAEb0D5,FfA9f7df,1C25AB44
b1eecE55,5eE21bE8,de64Bb35,ad533DB6,DB5ca3cb,2B8ef16B
9f87A853,545d3Fde,BaF3cCF9,3D12Bb9d,bAbA46BF,8d10AcBE
b2b1Da14,EbF1eC40,cFf10bF0,bD9aae81,def88564,eFCF3B95
7FB4953f,D72ada0A,A49dFc1A,DE6913A8,c3cc9eaa,3b0A3c7b
cdb9B296,f9dAdC7B,ccB66ffb,2190967D,21DCa5EE,A7Ecdee4
7Ce9dF89,B46e0384,CBEA689F,A78fddc7,01C9Aa45,dEeAa733
77b4E310,DA1fE050,4C291a61,7edDcA09,5f5E3092,88Db165C
9ff2881b,10a9Cc3f,Bdeab7f7,EF6307Bf,2BefeDbE,aDAc87E4
a9daC95c,fCe803F1,cb11C6e5,33aDc1c9,fB8B689E,4eF84eeC
dB964B11,F5EA9Cfa,be8Dde12,04bbA4ce,2836D3D3,2b8a13D6
d2E4Ef04,1aD1683a,3a48eAdE,84fC2b13,AAE3c5c1,A5f0ffaF
0aE7C5DB,E7D045Fc,e3aa23fd,E1344eba,Aa3C42BE,DDdd68f0
eF3f6e57,e1cfC6AA,CBB63495,DBDbD6Bb,F5cBC9A6,08AfaBa9
AdB7cBa5,62Fa3950,F3EA10f1,5e6899CB,98357d4D,19Ea6de6
740d350C,F2FF8B4B,dcdA18Ee,deB6Bbd6,D3F35994,dF34a36d
76BaFaCb,2C4E7d13,F844ADc6,2BA4a9fe,cbd52D0d,871beDA7
5EBBbbCE,8f1c45ee,5cD2F9D2,Fe807EDD,C2c2F0c2,1EC3a2D7
BCF35674,B38CE74E,F7cDD272,a06951Da,C57DCeEd,bcF5fB33
fF282a3E,D5f7dAaB,Ab6f8cCD,109fC4a6,25Bb1fdB,F5cAd2C8
5AdC50Cf,0bBBCebC,0dbE42Be,cd6C7cFA,31BD4Fbb,0DB9686d
92b5125B,b3C7Ec9D,CaC02A95,Af532C5C,cad9A8d2,5c8aa507
64541ae9,adFb6Bfa,657930EB,E8C320E8,6bec4EBd,69942Dbc
1BD5C36c,Ef51AAD1,0c7EFF1e,D4d2ed99,18fCcBBb,5F258FaE
1A8B7bAE,0A5a637e,4e1fa57b,3ED55B8B,1D99aa4c,dd1c2Abd
5cECFbaD,E7527aaf,eEaad5c5,bbb86545,b7f0b74E,1F47C151
a3B74eBc,E4B9Aa3f,909cdc1f,00616A31,33166fd1,B4E8FDcb
3AE37Fa7,8bc416f1,68cB260F,7fbbf1Ee,BfEe7094,6aB60F82
b25cbEdB,9fABf9d5,AEe5010a,D994dFF7,fbFb3EEF,5a874Bb3
41B4E17A,aBbce471,999E1E4e,463AAEa2,A35BF02e,C05c2afE
2f0be11d,3E7dAfdD,29baFFd0,C43Ecac7,bDCeeC1F,c8bdBf14
ffEFdEBF,807fD4A8,3a0307fA,DCf5fdd5,AA4D86A6,ddA5FA63
f41033c3,cADaD1a8,f39e7e8c,9BD5d1fE,7505b47d,F25B6Fd5
877827cA,CDa0926A,dB8f410b,d3cE38Ff,F1C6Da25,ef1DACdd
FD4964D1,fdB93f9F,aE285Fff,DDf2a70D,1a9ADb3F,127DD1Aa
3ccd5FB8,bedF2AEa,6DFe0c4a,1a5b6c7d,fe23eBfD,Aa11EF90
aE9EcAa8,Fdf7dffb,A0d8FC35,aedC6F3b,14123Da5,0bf2f5a2
7ee1beCc,08C74549,D6dDbeAD,27EBcF8c,15be4aeC,8368dC44
3445A8e2,7Be9eEeb,71d3eB7F,63F5D2AC,F9Fdcd6C,A6A0cF90
BDAC9D9E,EDE19dDC,5B91c425,F4AdeefE,aBf54CDC,5eaa0b86
9009401e,d68B610d,6F0cCDcA,c00e2D25,F1a3A76C,cfeBe7d8
e3aA5c2F,89CB1069,dDb0c91f,DAE147cf,f2BbfecA,68d2fF6d
47d5A225,cd6760cE,1A5b3d0C,0cB6eE67,0022A8ef,dC84cA5a
D538de40,DbE5D73d,AaE4aD10,a7174Cec,B8ee64fd,A865df0C
cEae8087,fbcFD22b,f7afd8CA,b38baCFB,7B7d764b,45daBc19
CeEfF5e3,7dac0D56,F35c0fb3,72D42C98,Db219f99,04Ed4eAd
Bba9a62c,30AbAdd6,c042Dad7,0df7E08f,D2Dd8A6d,6e30F9FF
A0edb8Be,eF8DB5a9,ed278DF5,BDc2E661,a95cdeAE,0DB8e7DD
e24cC35A,bAcacA1C,3fd3efea,cefC5DdA,0f6fb01b,B5F3C5Dd
bF2FBd33,6bCacB0d,a7059736,B3c7dfc8,52Bf5CF9,Af6bc5D5
AceCC9fd,f31B508b,Bd4F7FeD,22bb6E6A,B0D2A64d,7d5c613d
08Bae3AC,BA4d25AB,303a7Eb3,f01Fd6A8,4d1eCa47,bECdef48
2b4cb6Dc,37531b6f,7DBF0b5b,d8C20174,eff25Ddc,1f9cC405
3Ab3863A,7dA7cAA2,DEBc4baC,5eBde1E3,Cbe6015F,Ca34Bb5E
9cd63CB5,5D4a75Bc,6dBBf13b,04afB312,9BF8Fdc7,5D04980F
3e31F5D8,bAebDbdb,Fb5EBFFD,2db2768B,36fAfC1E,fde88Def
BcBa0d36,b494De9b,CEdd1add,FcdFeA7f,fA20fD5B,5FbabeB5
b27CD1c2,b1FE4Ca8,ae4fb9F4,42e2c3dF,7B2e658C,6cFe2eBe
749cfe5D,F3015AD8,7CfcBA47,79D6F99c,f9C1Ff8e,bAEe3aD7
fFbe53c4,b4A9d86F,3dBE3Be8,04f3a92e,dcdAac8b,71829E5d
CB4bbd18,D009f286,9e8d8773,d132baec,5dCbFa7F,ed0e6e07
6fFAeAbc,ee5E5C97,01B4e876,ffC0a96A,8D3cf430,ed56315A
F3AE59C0,bdE52E6A,B22b953A,24dA6b3A,e9F76D86,A2A7d2bB
9f241a7a,295fB67d,2AB5E6AF,6c7e86Fe,eD034ADC,BFEda8B5
c3e7abdD,BEbd6C7f,27c4E0E4,fDB10eeC,3227Ce7e,D7e665b1
9e3EfCFe,b92fFBa7,41C0539C,2E5FF735,1eaf062E,C7c6c2e7
EEEaEeFe,FfEA6d5a,CafeEEC2,F6432EF9,1a3c5ba5,4a7ecBbD
DaFfa3c2,f1B3eb7F,b3d5a06e,9D7eDaDA,15f9487e,66bf5e9b
F90bd5E6,E4258AdF,a16A6D11,dF52B1CF,59e6D760,E51310F3
d109799f,6f646BeA,50Cc1F0b,5414b900,F3ff02a9,A8c5b011
8f1aF57E,272AaEbE,F7b9914f,e4b64eBB,eCDF7a3e,794eF0e1
AdA1f407,E977fbEa,9ee63Dd4,EeB04f59,B950d8DC,3FA39BC6
eE2cCbE0,3d43Dac8,82fc974F,c5f6ef9e,3732657B,C62BDb0d
2c62E7bD,F45BAe0b,d0CB8Ebf,45F8b5EC,0E5A22FE,3176C099
62c897EA,B7b6cFfB,2DafFE58,B8CE384b,1bACad58,aDab90aa
166DaeC2,456EFDbc,dAFCe2eC,ACF77d7c,eEaCcAbD,EdAbAf5C
acaea802,3c6D95B0,2Deef94b,174e4eF4,a7eE6E61,d74124F7
8C9f0CE8,aAF47bcF,B686D0fD,d5eEdBe5,2d03F3FF,5ADf6A3D
1BdB5b5c,E44E8cDF,a5c6cDfD,753F70dd,DaA5EA2e,b14c1bD7
2FE5a441,ecE22DF8,2859Dbb6,8cEb0C7c,e493Ce2A,9DFdbbE2
5983703B,EBf8A115,c0ADD18e,7EDa18Ff,b54f8C98,F9aC1ceA
31CfFbC3,D7997CB8,facaBECE,Dc40A7A4,afF7f3cc,c61687B6
1b8BBcdf,C4ac2A90,57F47d50,f1a5e7Fa,bECfa33d,C335FC0a
c2cB0501,FD14eFa5,9ED5649d,36e4eBAa,F3CDc5A3,fDCD71C7
a9D62579,a03e85bD,Bf5DEf98,93fd6aCE,29f483ac,41dD2C42
ef745F1b,E9883473,D8F9E85B,E1d8d97c,76bdFa18,CD0AEe86
6405dBF4,3CB2366D,F35dEEF6,FCeBF6a5,3d5A9490,0Bb1960a
D3eA39Eb,496da2c6,9BA309AF,BE4b577D,aAa17E16,c0bc5dAD
e48f596b,7b0fde6f,15F8c9A7,De45c33C,B2AdD54c,aDc9Bcea
90eE42e4,6c81DbbE,d621Eea1,33b0e81a,6cE9Df48,cccE9f63
78fbbA8A,6520fEcd,D08931b8,af014d8b,8E31df88,5c3cEDA4
0EFbc2D5,bEe1eaed,172b3BDE,bc20a92B,2d5aF4Eb,B4F5F9A7
4efeFE56,1dccbD7b,fe278cd7,0f07Af0a,cccCDECb,de295CcB
d3e8ee5C,c0BEafa2,caEB2BE5,8C31e2bd,F90BEefd,eb73fd5B
3E3D5B3a,b9fcd6e2,92CE49D2,ebE85aaC,1eE44D52,9321dDA2
c0716Ab5,2ef7ac14,fBF0CC61,9627CAC7,0A7015C9,ddd8a1c8
bB0FE4FC,6fFBAaa1,DC58AFEF,5a3fFBB5,68e7c97f,11A168cE
Ec802F0d,33A4299B,eB01c7cB,D522eFA8,d698EE32,Ac66Aea2
adbDe25B,a5f8E2dc,0cf2e6AD,f18e5e9C,dfCFB080,dcBacae1
10004DbD,804866AB,a3A65FFc,58a6e079,5bcFb44a,C6ffFf4F
FdB6E46F,a68BcBB8,Be2Bb68C,Fc13aF1e,BD5B8FCB,a8CC85d5
e4a11c25,bC8c4fA8,8a1eF0c3,c97a583a,64eeb09E,Fca5CA14
e9C642D6,0AAfB584,38E524Ab,d3A1c622,BB89F5bc,9D3B7F40
88b51Af0,c3B2Ddb6,e07cDD67,26BFfAef,aC4aECcF,4E90e4ae
7CF0C0Ec,1e8CC290,2f659225,DB694404,4fCfcdB3,3DF6C44b
BFBbeAbB,ddDC77dE,fA08ee3a,157CA29F,FEAabABC,C6AA1d9c
AF4eC5bF,d20EDBAF,10a2ac34,04f2ACf9,8e1d46c9,f6B7b1cA
f61d0be3,fcC4F550,eAACd9c8,b2FDabBa,b8AafDA6,8e36580d
5CB1F2BD,bcFB596C,DE7dbBAf,AfdFA3f2,5fe6bFfB,A3563AF3
6A17D54b,819cFa0b,41DDCac1,AB433fA1,BfFadc8F,7cCfA3E1
FD70fead,cba96942,784FFAFa,6c02fEDa,0D7e5CCD,e0E65a42
F6bd4C0a,df43627c,C4FAC2DC,57E4eDAE,486E6d5c,B9CCd9A3
7c8Ce5cd,7f350B13,fE7A32Aa,32d6e5A8,ceEFFF1E,1C5B02B8
4EebEDC5,cA2bd5b7,AF444f30,e45bAF0D,926393BA,F6f31D08
19CC16A7,7fF9aa0d,3ee7A65E,dA45A064,C56927eC,6CFEdA05
4B52EEDC,BD8E78eF,E06F09e7,bDCAB2aa,A3f4EfEC,eA9e49cb
8cc62FdE,83057E87,7DF91c86,3bAceDFB,1f827d60,aE4dbD0A
65aAd8f3,C0C24Bd8,0fCDf35E,C843D3C2,b00fAa1b,ed20c92E
56F3ba0F,CAcaddEf,9D9de4Bf,aAbD1Fc6,D9Dfe3fc,DccE3f72
dBD87Fd5,Bed484f8,187A854A,D4AeDf4e,A28Cafe6,5e8e1900
4770AFF6,aDA5ACEd,bA92dfAd,70Ef5bE4,B4F6D0F6,7E8b7Bf1
F7bFcCF4,5eEC3AED,B55fe5D3,Bd6dD3bF,e4F270cA,86f64CBb
11bE4506,D7e20A96,cA2114A3,4873cdAC,6eee3baE,12ded4E6
9fBFcFfD,a9ACFbF0,cbb1dCD6,E6FBdCe6,FFfbaDc0,571EcCaa
6cFD46b2,AE1c030d,19E7e3B3,3Cfb7F0a,0ABF7C4f,dceDfAeA
f95bf3dA,E17b3D97,Dc3e5D5a,Db5bcAd5,D476F794,4C4bbA25
1a9dBab8,aC65FB12,11B881AA,eC68BFe3,59F0e6c3,94c4fe6B
a96c8EA1,5F7DcD9f,3ebFBD8b,7C46a5aE,06B1ebF1,1d93C97c
4d3dB6f2,D1EE2731,F5B2Cf0b,62B994FB,11C7cCe5,22CDF6E2
eFA0B5Af,13bC5B96,958efd31,0ADc3DD2,DA50ABf5,Ae2cF565
3cdDD1Dd,FEf42eDF,fbAec1F8,aff1Db2a,3BeceD5b,EA38Bf9f
Eb9bd849,aaedE7d1,2fD50ACf,Cc40C64C,820ACf8b,aFBe40BE
d19019bD,ef9c1e5E,2d86F2e5,46Ef72E1,A2abd550,D07F5eEd
Fcd8Aced,cAacCFeD,6A1EAE53,deC7aA54,6F2C5D8f,3A8a8bd8
13E61f44,9a2473EA,7941c4a1,C0e0b89a,5CA38F61,5ac6a247
d0fFAbcD,BEa5AFdF,1A5f95b1,98f4c051,397C9e1f,2D9ccaeE
1C36Becd,F17ab1Bb,Ff5DeD2F,36570Fa9,CcAD4A0b,286fd4DD
D7d7Acd7,db9CbaA5,EECa1Cdf,Db57F9De,Eb465C38,72D03207
2BE2d60b,23B0C2c3,2b70AfD6,1249Fa8D,8afa4EeF,10fe9a02
2c1B2abc,FEFba3aC,9f2Af5FF,64DEFba1,B5BEca01,a7b52FD8
